ID,Descrição,Data,Solicitante,Local,Tipo,Status,Executante,Data Conclusão
1,Limpeza/Organização de áreas comuns e pátio,03/06/24,Renato Zancheti,Matriz,Civil,Concluído,Paulinho,28/06/24
2,Orçar Cabine coletora de pó,03/06/24,Renato Silva,Filial,Instalação,Concluído,Robson,05/08/24
3,Reparar prateleiras quebradas corredor B,04/06/24,David,Estoque,Mecânica,Concluído,Paulinho,06/06/24
4,Reparar solda quebradas no pisos,04/06/24,David,Estoque,Mecânica,Concluído,Paulinho,06/06/24
5,Substituir resistência queimada no aquecedor de marmita,04/06/24,Ana Limpeza,Refeitório,Elétrica,Concluído,Robson,10/06/24
6,Mudar interfone de local,04/06/24,Fran Aguiar,Qualidade,Instalação,Concluído,Paulinho,05/06/24
7,Desocupar a sala da T.I,04/06/24,Renato Silva,Filial,Civil,Concluído,Paulinho,05/06/24
8,Verificar bomba da caixa dágua que parou,04/06/24,Renato Silva,Filial,Elétrica,Concluído,Paulinho,05/06/24
9,Colar luz máquina Geovane,05/06/24,Fran Duarte,Costura Acabamento,Elétrica,Concluído,Paulinho,05/06/24
10,Verificar caldeira,05/06/24,Fran Duarte,Filial,Elétrica,Concluído,Paulinho,05/06/24
11,Instalar lâmpada na sala da caldeira,05/06/24,Fran Duarte,Filial,Instalação,Concluído,Paulinho,05/06/24
12,Trocar lâmpadas piscando,05/06/25,Jair,Inteligência de Mercado,Elétrica,Concluído,Paulinho,06/06/24
13,Trocar selo da bomba da estação de tratamento,05/06/24,Paulinho,Filial,Mecânica,Concluído,Paulinho,14/06/24
14,Encaixar a cantoneira da porta de entrada do acabamento,06/06/24,Fran Duarte,Filial,Civil,Concluído,Paulinho,06/06/24
15,Verificar ralo da cozinha entupido,06/06/24,Fran Duarte,Filial,Hidráulica,Concluído,Paulinho,06/06/24
16,Revisão motor e compressor de ar reserva,06/06/24,Paulinho,Filial,Mecânica,Concluído,Robson,06/06/24
17,Limpeza da caixa dágua,06/06/24,Fran Duarte,Filial,Civil,Concluído,Paulinho,06/06/24
18,Trocar lâmpadas queimadas no corredor de acesso ao refeitório,10/06/24,Ana Limpeza,Refeitório,Elétrica,Concluído,Paulinho,11/06/24
19,Mudar layout das máquinas de revisão,10/06/24,Fran Aguiar,Revisão de Tecido,Instalação,Concluído,Paulinho,11/06/24
20,Instalar porta papel toalha e porta papel nos banheiros da expedição,10/06/24,,Expedição,Instalação,Concluído,Paulinho,11/06/24
21,Retirar tampa que caiu no ralo da pia do banheiro feminino,10/06/24,Tatiana,Administrativo,Civil,Concluído,Paulinho,10/06/24
22,Trocar fechadura da porta da sala e maçaneta da porta do banheiro,10/06/24,Isis,Corte,Civil,Concluído,Paulinho,12/06/24
23,Fazer reparo na roda da cadeira,10/06/24,Amanda,Engenharia (Ficha Técnica),Mecânica,Concluído,Paulinho,13/06/24
24,Verificar aquecimento do marmiteiro,10/06/24,Fran Duarte,Filial,Elétrica,Concluído,Paulinho,10/06/24
25,Verificar parafuso da máquina de caseado reto da plotagem,10/06/24,Fran Duarte,Filial,Mecânica,Concluído,Paulinho,10/06/24
26,Verificar vazamento de ar na mesa do corte,11/06/24,Vini,Corte,Mecânica,Concluído,Paulinho,13/06/24
27,Verificar mau contato na máquina de corte,12/06/24,Vini,Corte,Elétrica,Concluído,Robson,12/06/24
28,Colocar os forros nas prateleiras da expedição,13/06/24,,Expedição,Instalação,Concluído,Robson,13/06/24
29,Lavar o toldo da entrada da recepção,13/06/24,Jair,Recepção,Civil,Concluído,Paulinho,13/06/24
30,Fazer a limpeza da poeira em cima da caixa de agua na entrada do porta do acabamento,14/06/24,Fran Duarte,Filial,Civil,Concluído,Paulinho,14/06/24
31,Instalar barra de segurança no mezanino do estroque,14/06/24,David,Estoque,Instalação,Concluído,Paulinho,24/07/24
32,Verificar falta dágua no prédio do Corte,17/06/24,Renato Silva,Corte,Hidráulica,Concluído,Paulinho,17/06/24
33,Verificar banner da SIPAT que enroscou na cerca elétrica,17/06/24,Karina,Filial,Instalação,Concluído,Paulinho,17/06/24
34,Instalar quadro de comunicados no RH,18/06/24,Tatiana,RH,Instalação,Concluído,Paulinho,18/06/24
35,Efetuar a coleta e limpeza nas caixas do tratamento de efluentes,18/06/24,Robson,Estamparia,Hidráulica,Concluído,Robson,18/06/24
36,Mudar local do dreno da ETE para a agua não sair pela rede  pluvial,18/06/24,Renato Silva,Estamparia,Hidráulica,Concluído,Paulinho,18/06/24
37,Instalar tomadas para uso dos dois microondas ao mesmo tempo,18/06/24,Tatiana,Refeitório,Elétrica,Concluído,Paulinho,18/06/24
38,Fazer demarcação no piso com fita amarela entre estoque e qualidade,18/06/24,David,Estoque,Instalação,Concluído,Robson,01/08/24
39,Instalar rodas na máquina contador de Kit,18/06/24,David,Estoque,Mecânica,Concluído,Paulinho,19/06/24
40,Verificar chaleira elétrica não está aquecendo,18/06/24,Ana Limpeza,Refeitório,Elétrica,Concluído,Robson,18/06/24
41,Fazer pintura e elétrica da nova sala de reunião,19/06/24,Rafael,Administrativo,Instalação,Concluído,Robson,08/07/24
42,Confeccionar nova escada para acesso a Expedição,19/06/24,Rafael,Pátio,Instalação,Concluído,Robson,01/07/24
43,Verificar correia da máquina que está partindo,19/06/24,Fran Duarte,Acabamento,Mecânica,Concluído,Paulinho,20/06/24
44,Remover batente da porta para instalação de prateleira e depois recolocar,20/06/24,David,Estoque,Instalação,Concluído,Robson,21/06/24
45,Buscar técnico em Bela Vista do Paraiso,20/06/24,Fran Duarte,Acabamento,Mecânica,Concluído,Paulinho,20/06/24
46,Remover exaustor da parede da antiga sala de RH,21/06/24,Rafael,Administrativo,Civil,Concluído,Paulinho,24/06/24
47,Verificar rolo da máquina Delta encostando na estrutura,21/06/24,Fran Aguiar,Revisão de Tecido,Mecânica,Concluído,Robson,21/06/24
48,Verificar paleteira que apresentou defeito hidráulico,21/06/24,David,Estoque,Mecânica,Concluído,Robson,01/07/24
49,Verificar cerca elétrica do barracão,24/06/24,David,Estoque,Elétrica,Concluído,Guilherme,19/11/24
50,Recolher sacos de pedra embaixo da escada de acesso a Expedição,24/06/24,Robson,Pátio,Civil,Concluído,Paulinho,24/06/24
51,Reinstalar quadro branco no RH,24/06/24,Tatiana,RH,Instalação,Concluído,Paulinho,26/06/24
52,Limpar os aparelhos Split do refeitório,25/06/24,Edna,Filial,Instalação,Concluído,Paulinho,25/06/24
53,Verificar falta de água no bebedouro do Acabamento,25/06/24,Edna,Acabamento,Hidráulica,Concluído,Paulinho,25/06/24
54,Ajustar a porta de entrada do Acabamento está desalinhada,25/06/24,Renato Silva,Acabamento,Civil,Concluído,Paulinho,26/06/24
55,Fechar furo na parede no corredor da ADM,25/06/24,Jair,Administrativo,Civil,Concluído,Paulinho,26/06/24
56,Efetuar movimentação de mesas,26/06/24,Janaina,Inteligência de produto,Instalação,Concluído,Paulinho,28/06/24
57,Movimentar mesas e verificar infra eletrica para computadores,26/06/24,Diego,E-Comerce,Instalação,Concluído,Paulinho,01/07/24
58,Pintar o piso do estúdio,27/06/24,Diego,E-Comerce,Civil,Concluído,Robson,01/07/24
59,Reinstalar vidro na sala do Estilo,01/07/24,Renato Silva,Estilo,Civil,Concluído,Paulinho,02/07/24
60,Limpeza do pátio em frente a recepção,01/07/24,Rafael,Matriz,Civil,Concluído,Robson,05/07/24
61,Verificar rede de esgoto entupida,01/07/24,Renato Zancheti,Matriz,Civil,Concluído,Robson,02/07/24
62,Instalar torneira na pia da sala de ADM de Qualidade,01/07/24,Fran Aguiar,Qualidade,Hidráulica,Concluído,Paulinho,02/07/24
63,Verificar torneira de pressão do banheiro não fecha automático,01/07/24,Joelsom,Risco,Hidráulica,Concluído,Paulinho,03/07/24
64,Contabilizar extintores e mangueiras vencidas,02/07/24,Cilene,Compras,Civil,Concluído,Robson,03/07/24
65,Parafuso espanado na maquina de viés,02/07/24,Joelsom,Corte,Mecânica,Concluído,Paulinho,03/07/24
66,Lâmpada da sala do Sr Jair piscando,02/07/24,Jair,ADM  ,Elétrica,Concluído,Paulinho,05/08/24
67,Válvula da caixa acoplada com defeito vazando agua,02/07/24,Gleice,Banheiro Fem. Refeitório,Hidráulica,Concluído,Paulinho,03/07/24
68,Assento do vaso sanitário quebrado,03/07/24,Edna,Filial,Hidráulica,Concluído,Paulinho,03/07/24
69,Verificar duas rodinhas com defeito cadeira da Jessica,03/07/24,Dayane,Engenharia Filial - Jessica,Civil,Concluído,Paulinho,05/07/24
70,Fio conectado na tomada sem o plug,03/07/24,Dayane,Engenharia Filial - Paloma,Elétrica,Concluído,Paulinho,05/07/24
71,arrumar liz da maquina galoneira que soltou,04/07/24,Fran. Duarte,Acabamento,Mecânica,Concluído,Paulinho,04/07/24
72,Lavar o piso em frente a recepção,04/07/24,Robson,Matriz,Civil,Concluído,Robson,05/07/24
73,Pintar muro em frente a recepção,04/07/24,Rafael,Matriz,Civil,Concluído,Guilherme,15/10/24
74,Conserto de cadeira quebrada - braços,08/07/24,Junior,Inteligência de Mercado,Mecânica,Concluído,Paulinho,01/08/24
75,Instalar TVmesacadeiras e quadro branco na nova sala,08/07/24,Rafael,Matriz,Instalação,Concluído,Paulinho,09/07/24
76,Verificar cadeira da Paloma,08/07/24,Dayane,Inteligência de Produto,Mecânica,Concluído,Paulinho,12/07/24
77,Instalar rodapé faltando na sala do Rafael,09/07/24,Rafael,Sala Diretoria,Civil,Concluído,Robson,09/07/24
78,Verificar lâmpada apagada,09/07/24,Rafael,Show Room,Elétrica,Concluído,Paulinho,12/07/24
79,mudar a maquina pneumatica de lugar e fazer a instalacao do ar ,10/07/24,Fran Duarte,Acabamento,Mecânica,Concluído,Paulinho,12/07/24
80,colocar o bico de ar no lugar onde vai ser retirada a pneumatica,10/07/24,Fran. Duarte,Acabamento,Mecânica,Concluído,Paulinho,12/07/24
81,Instalar prateleiras no Acabamento e demarcar piso com fita,10/07/24,Fabiana,Almoxarifado,Instalação,Concluído,Paulinho,26/07/24
82,Pintar escada de acesso ao setor,10/07/24,Robson,Expedição Kids,Civil,Concluído,Guilherme,16/10/24
83,Trocar lâmpada queimada no banheiro feminino da area de descanso,11/07/24,Gleice,matriz,Elétrica,Concluído,Paulinho,12/07/24
84,Instalar porta mais larga no Almoxarifado,11/07/24,Fran. Duarte,Filial,Civil,Concluído,Robson,16/07/24
85,Verificar várias goteiras sob a copa e salas ADM,11/07/24,Jair,Matriz,Civil,Concluído,Robson,26/07/24
86,Verificar vazamento de água no registro da máquina de lavar tecido,15/07/24,Fran Aguiar,Qualidade Matriz,Hidráulica,Concluído,Paulinho,15/07/24
87,Verificar torneira solta no bebedouro,15/07/24,Jair,Refeitório,Hidráulica,Concluído,Paulinho,16/07/24
88,Ligar provisoriamente nova maquina de estampar para treinamento,17/07/24,Renato Silva,Filial,Elétrica,Concluído,Paulinho,17/07/24
89,Ligar máquina de estampar em local definitivo,18/07/24,Renato Silva,Filial,Elétrica,Concluído,Paulinho,18/07/24
90,Trocar interfone de sala (PCP para sala ao lado),19/7,Wesley,PPCP,Elétrica,Concluído,Paulinho,24/07/24
91,Trocar porta chaves de sala (PCP para sala ao lado),19/7,Wesley,PPCP,Civil,Concluído,Paulinho,23/07/24
92,Instalar tomada de energia na lateral - sala nova do compras,19/7,Wesley,Compras,Elétrica,Concluído,Paulinho,22/07/24
93,Portão deslizante do barracão do Corte com defeito,19/07/24,Robson,Matriz,Elétrica,Concluído,Robson,26/07/24
94,Bomba dagua parou de funcionar,22/07/24,Renato Silva,ETE,Elétrica,Concluído,Paulinho,23/07/24
95,parede do almoxarifado caindo,24/07/24,,Almoxarifado,Civil,Concluído,Paulinho,24/07/24
96,Fazer 2 cabines para fazer a retirada do talco,25/07/24,Fran. Duarte,Producao,Instalação,Concluído,Robson,25/07/24
97,montar estrutura para instencao ir aeria em cima mmesa estamparia para uso do asoprado,25/07/24,Fran. Duarte,Produção,Instalação,Concluído,Paulinho,25/07/24
98,Trocar lampada queimada no setor,25/07/24,Joelsom,Corte,Elétrica,Concluído,Paulinho,26/07/24
99,Ar condcionado sala diretoria não funciona,26/07/24,Rafael,Diretoria,Refrigeração,Concluído,Robson,29/07/24
100,Mudar a máquina da tipografia para setor do CD,29/07/24,Fran Duarte,Filial,Instalação,Concluído,Paulinho,30/07/24
101,Instalar tela nas portas da Filial,29/07/24,Renato Silva,Filial,Instalação,Concluído,Robson,29/07/24
102,Instalar mola no portão social da matriz,29/07/24,Jair,Matriz,Instalação,Concluído,Robson,01/08/24
103,Trocar lâmpada piscando,30/07/24,Diego,Marketing,Elétrica,Concluído,Paulinho,05/08/24
104,arrumar a fechadura da porta principal do almoxarifado,30/07/24,Fran. Duarte,Acabamento,Civil,Concluído,Paulinho,30/07/24
105,fazer a mudança da matiz p a filia no dia 05/08,31/07,Janaina,modelagem,Instalação,Concluído,Paulinho,06/08/24
106,Ar condicionado com cheiro de mofo,31/07/24,Guilherme,Fiscal,Refrigeração,Concluído,Robson,01/08/24
107,Instalar quadros de indicadores de meta no setor,31/07/24,Renato Silva,Acabamento,Instalação,Concluído,Paulinho,31/07/24
108,Movimentar móveis das salas adm,31/07/24,Renato Silva,Acabamento,Instalação,Concluído,Paulinho,31/07/24
109,Movimentar mesas das salas do Fabiano,31/07/24,Rafael,Desenv. do produto,Instalação,Concluído,Paulinho,02/08/24
110,Instalar telas nas janelas do barracão,01/08/24,Welder,Expedição ,Instalação,Concluído,Robson,01/08/24
111,Verificar porta da sala desregulada,01/08/24,Diego,Marketing,Civil,Concluído,Paulinho,01/08/24
112,Na segunda-feira 5/8 retocar pintura do piso do estúdio ,02/08/24,Diego,Estúdio,Civil,Concluído,Paulinho,06/08/24
113,Instalar fundo nas prateleiras do mesanino,02/08/24,Weder,Expedição Play,Civil,Concluído,Guilherme,28/11/24
114,Verificar ventilador de pedestal que não funciona,02/08/24,Welder,Expedição Play,Elétrica,Concluído,Guilherme,02/08/24
115,Refazer soldas nos degraus da escada (está quebrado em dois degraus),02/08/24,Welder,Expedição Play,Mecânica,Concluído,Paulinho,23/08/24
116,Melhorar acabamento da instalação elétrica e rede da mesa de trabalho,02/08/24,Weder,Expedição Play,Elétrica,Concluído,Guilherme,25/11/24
117,Instalar três ventiladores no setor,02/08/24,Weder,Expedição Play,Elétrica,Concluído,Robson,24/10/24
118,Revisar humidificador de ar que está sujo,02/08/24,Welder,Expedição Play,Mecânica,Concluído,Guilherme,10/10/24
119,Orçar troca da bomba de incêndio conforme projeto,02/08/24,Jair,Expedição,Hidráulica,Concluído,Robson,05/08/24
120,Transferir sofá da sala do amrketing para o estúdio,02/08/24,Diego,Estúdio,Instalação,Concluído,Paulinho,07/08/24
121,Desenvolver dobrador de camiseta,05/08/24,Fran Duarte,Acabamento,Instalação,Concluído,Robson,05/08/24
122,Trocar lâmpada piscando,05/08/24,Weder,Expedição,Elétrica,Concluído,Paulinho,05/08/24
123,Caixa de esgoto da ADM transbordando,05/08/24,Renato Zancheti,Matriz,Civil,Concluído,Robson,19/08/24
124,Instalar suportes para monitores,06/08/24,Rafael,Filial,Instalação,Concluído,Robson,nan
125,Pe da mesa esta quebrado na solda,07/08/24,Fran. Duarte,Filial,Mecânica,Concluído,Paulinho,09/08/24
126,Paleteira do Cd as duas estao com problema não estão funcionando corretamente,07/08/24,Fran.Duarte,Filial,Mecânica,Concluído,Robson,07/08/24
127,Interfone do portão social (Corte) não funciona,07/08/24,Nathalia,Matriz,Elétrica,Concluído,Robson,12/08/24
128,Caldeira resistencia 2 com. Curto,08/08/24,Fran. Duarte,Filial,Elétrica,Concluído,Paulinho,09/08/24
129,colar esteira grande fisionagem,08/08/24,Fran. Duarte,Filial,Mecânica,Concluído,Paulinho,nan
130,Apertar parafuso do braço da cadeira,08/08/24,Tatiana,RH,Civil,Concluído,Paulinho,08/08/24
131,Arrumar cadeira no almoxarifado,08/08/24,Fran. Duarte,Filial,Civil,Concluído,Paulinho,08/08/24
132,Verificar maquina de lavar amostras com alarmes,09/08/24,Fran Aguiar,Qualidade Matriz,Elétrica,Concluído,Robson,09/08/24
133,Buscar técnico da maquina de fisionagem em Bela Vista,09/08/24,Fran Duarte,Filial,Mecânica,Concluído,Paulinho,09/08/24
134,Instalar nova bomba de incêndio,12/08/24,Jair,Expedição,Mecânica,Concluído,Robson,19/08/24
135,Trocar lampada da sala - penúltima do lado esquerdo,13/08/24,Tatiana,RH,Elétrica,Concluído,Guilherme,16/09/24
136,Caldeira com  com barulho,15/08/24,Fran.Duarte,Acabamento,Civil,Concluído,Paulinho,19/08/24
137,Ajustar prateleira,15/08/24,Lucia,Acabamento,Instalação,Concluído,Guilherme,25/08/24
138,Colocar luz em três máquinas,15/08/24,Lucia,Acabamento,Elétrica,Concluído,Paulinho,15/08/24
139,Auxiliar processo de certificação ambiental,15/08/24,Jair,Corporativo,Instalação,Concluído,Robson,11/12/24
140,Fazer furo com rosca em máquina de cós,15/08/24,Lucia,Acabamento,Mecânica,Concluído,Robson,nan
141,Ajustar tubulação do tratamento de efluentes,15/08/24,Mayko,Estamparia,Hidráulica,Concluído,Robson,nan
142,Montar mesa de estamparia,15/08/24,Mayko,Estamparia,Instalação,Concluído,Paulinho,27/08/24
143,Pintar vigas U da mesa de estamparia,15/08/24,Mayko,Estamparia,Mecânica,Concluído,Paulinho,27/08/24
144,Adequar grades da entrada da Expedição,16/08/24,Rafael,Expedição,Mecânica,Concluído,Robson,16/08/24
145,Trocar maçaneta da porta,16/08,Wesley,PPCP,Civil,Concluído,Paulinho,20/08/24
146,Manutenção Ar Condicionado,16/08,Guilherme,Controladoria,Refrigeração,Concluído,Robson,19/08/24
147,Colocar 1 defletor em cada ar condicionado aqui da sala do Marketing,16/08/24,Diego,Marketing,Mecânica,Concluído,Guilherme,nan
148,Arrumar batente da porta (desalinhou impedindo fechamento),19/08,Ana,Comercial,Civil,Concluído,Paulinho,20/08/24
149,Arrumar batente da porta (desalinhou impedindo fechamento),19/08,Rafael,Sala Diretoria,Civil,Concluído,Paulinho,20/08/24
150,Instalar defletor de ar condicionado para melhor funcionamento da impressora,19/08,Mariana,Comercial,Mecânica,Concluído,Robson,06/09/24
151,trocar o parafuso de ajuste di manequim da Sueli da revisão que esta espando,20/08,Fran. Duarte,Acabamento,Mecânica,Concluído,Paulinho,nan
152,Trocar fechadura da porta,20/08/24,Joelson,Corte,Civil,Concluído,Robson,20/08/24
153,Colocar fita em esteira,19/08/24,Fran Duarte,Acabamento,Mecânica,Concluído,Paulinho,19/08/24
154,Higienizar os dois climatizadores do setor,19/08/24,Joelson,Corte,Mecânica,Concluído,Guilherme,25/10/24
155,Maquina de peitilho,20/08/24,Fran. Duarte,CD,Mecânica,Concluído,Paulinho,20/08/24
156,Conduzir projeto de reforma do Show Room,20/08/24,Rafael,Show Room,Civil,Concluído,Robson,29/10/24
157,instalr cabine de limpeza no acabamento ja esta na filial,21/08/24,Fran. Duarte,Acabamento,Instalação,Concluído,Guilherme,nan
158,Alinhar esteira da maquina fusionadeira,22/08,Wesley,CD PREPARAÇÃO,Mecânica,Concluído,Paulinho,22/08/24
159,Limpar os bebedouros,28/08/24,Fran. Duarte,Producao,Hidráulica,Concluído,Guilherme,nan
160,Tratamento esta transbordando preciso de uma atencao ,29/08/24,Fran. Duarte,Estamparia,Hidráulica,Concluído,Robson,30/08/24
161,Fazer instalação eletrica da nova bomba de incêndio (URGENTE),29/08/24,Jair,Expedição,Elétrica,Concluído,Robson,29/08/24
162,esteria na parte de baixo esta desfiando ,29/08/24,Fran. Duarte,Cd,Mecânica,Concluído,Guilherme,02/09/24
163,Maquina de fusionagem pequena nao estava aquecendo,29/08/24,Fran. Duarte,cd,Elétrica,Concluído,Robson,29/08/24
164,Instalar quadro no PPCP,29/08/24,Isabela,PPCP,Instalação,Concluído,Robson,30/08/24
165,tirar o deflator do ar condicionado,30/08/24,JANAINA,ENGENHARIA,Mecânica,Concluído,Robson,06/09/24
166,Fazer serpentina na entrada de produto da estação de ETE,02/09/24,Mayko,Estamparia,Hidráulica,Concluído,Robson,nan
167,Mudar tubulação de agua da sanepar do taqnue de lavagem para agua tratada,02/09/24,Mayko,Estamparia,Hidráulica,Concluído,Robson,nan
168,Maquina de arquear nao funciona,02/09/24,Joelson,Corte,Elétrica,Concluído,Robson,02/09/24
169,Instalar quadro na janela externa da sala de T.I da filial,02/09/24,Isabela,PPCP,Instalação,Concluído,Robson,03/09/24
170,Acompanhar prestador de serviço higienização dos reseratórios de água,03/09/24,Robson,Manutenção,Hidráulica,Concluído,Robson,03/09/24
171,Manutenção Ar Condicionado,04/09/24,Guilherme,Controladoria,Refrigeração,Concluído,Robson,04/09/24
172,Instalar os bercos da estamparia,04/09/24,Fran. Duarte,Estamparia,Elétrica,Concluído,Robson,05/09/24
173,Esticar corrente da máquina de viés,04/09/24,Isis,Corte,Mecânica,Concluído,Robson,04/09/24
174,Manutenção Ar Condicionado,04/09/24,Juliano,T.I.,Refrigeração,Concluído,Robson,05/09/24
175,Lavadora de amostras não está aquecendo,04/09/24,Gabriel,Qualidade,Elétrica,Concluído,Robson,09/09/24
176,fazer furo na maquina de cós,09/06/24,Lucia,pilotagem,Mecânica,Concluído,Robson,nan
177,MANUTENÇÃO DO AR CONDICIONADO,09/09/24,JANAINA,ENGENHARIA,Refrigeração,Concluído,Robson,nan
178,Transferir móveis e frigobar do show room para sala ADM Matriz,09/09/24,Rafael,ADM Matriz,Instalação,Concluído,Guilherme,09/09/24
179,Trocar óleo das máquinas de costura reta,09/09/24,Lucia,Pilotagem,Mecânica,Concluído,Guilherme,01/10/24
180,reapertar vasos sanitários soltos,09/09/24,Edna,Filial,Hidráulica,Concluído,Guilherme,nan
181,Alinhar os pés da nova mesa de estampar,09/09/24,Mayko,Estamparia,Mecânica,Concluído,Guilherme,19/09/24
182,Dijuntor do refeitorio caindo a chave no quadro maior perto da caixa de agua azul ,09/09/24,Fran. Duarte,Producao,Elétrica,Concluído,Guilherme,18/09/24
183,Esteira da fusionadeira descolando,10/09/24,Fran Duarte,Produção,Mecânica,Concluído,Robson,10/09/24
184,Mudar dois ventiladores de local,10/09/24,Nelio,CD,Elétrica,Concluído,Guilherme,nan
185,Ar condicionado não está funcionando,10/09/24,Cilene,Compras,Refrigeração,Concluído,Robson,nan
186,passadoria Ferro Nana Calderinha nao esta esquentando,09/11/24,Fran.Duarte,Acabamento,Elétrica,Concluído,Robson,nan
187,TROCAR RODINHA DA CADEIRA DA  AMANDA E TROCAR O PÉ DE OUTRA CADEIRA DA SALA ,09/12/24,JANAINA,ENGENHARIA,Mecânica,Concluído,Guilherme,nan
188,Maquina de peitilho fazendo barulho igual video enviado para Robson hoje,12/09/24,Fran. Duarte,Cd,Mecânica,Concluído,Robson,nan
189,Ar condicionado com alarme,12/09/24,Bete,Financeiro,Refrigeração,Concluído,Robson,nan
190,Fita da esteira da coladeira de intertela soltando,12/09/24,Fran,Acabamento,Mecânica,Concluído,Robson,nan
191,Executar obra de adequação de guarda de resíduos da ETE,12/09/24,Jair,Filial,Civil,Concluído,Robson,29/10/24
192,Ventilador de parede não funciona,13/09/24,Weder,Expedição,Elétrica,Concluído,Guilherme,13/09/24
193,Bóia do tanque não funciona,13/09/24,Mayko,ETE,Elétrica,Concluído,Guilherme,nan
194,Fixar camera de segurança no corredor atrás da Recepção,13/09/24,Gabriel,T.I..,Elétrica,Concluído,Guilherme,nan
195,Lampada queimada,16/09/24,Edna,Banheiro,Elétrica,Concluído,Guilherme,16/09/24
196,Lampada piscando,16/09/24,Ana,Refeitório,Elétrica,Concluído,Guilherme,16/09/24
197,Cortar guarda corpo,16/09/24,David,Estoque,Mecânica,Concluído,Guilherme,17/09/24
198,Instalar tapete no chão e MDF nas lateriais da Master nova  ,17/09,Wesley,Logistica,Instalação,Concluído,Guilherme,26/09/24
199,Instalar motor elétrico na maquina de corte,17/09/24,Joelson,Corte,Elétrica,Concluído,Robson,17/09/24
200,Caixa de som queimou,17/09/24,Renato ,RH,Elétrica,Concluído,Robson,19/09/24
201,Instalar tampo nas novas mesas do setor,19/09/24,Fran Duarte,Acabamento,Instalação,Concluído,Guilherme,25/09/24
202,Pintar sinalizações de extintores e hidrantes no piso,19/09/24,Robson,Expedição,Civil,Concluído,Guilherme,23/10/24
203,Vazamento de água no ar condicionado,19/09/24,Thiago,Financeiro,Mecânica,Concluído,Guilherme,nan
204,Instalar modem wifi do lado de fora da sala do Weder,20/09/24,Juliano,Expedição,Elétrica,Concluído,Guilherme,30/09/24
205,Interfone do portão do Corte não funciona,20/09/24,Nathalia,Recepção,Elétrica,Concluído,Robson,09/10/24
206,Demarcar area de estacionamento externa em frente ao portão,23/09/24,Renato Silva,Expedição,Civil,Concluído,Guilherme,10/10/24
207,TROCAR RODINHAS CADEIRA AMANDA,23/09/24,JANAINA,ENGENHARIA,Civil,Concluído,Guilherme,nan
208,Ar condicionado não esfria,24/09/24,Renato ,RH,Mecânica,Concluído,Robson,25/09/24
209,Realizar limpeza no ar condicionado,25/09/24,Robson,Recepção,Mecânica,Concluído,Guilherme,25/09/24
210,Maquina de peitilho fazendo barulho,26/09/24,Fran Duarte,Acabamento,Mecânica,Concluído,Guilherme,26/09/24
211,Cortar os pés das três mesas novas do setor,26/09/24,Fran Duarte,Acabamento,Mecânica,Concluído,Guilherme,26/09/24
212,Ventilador não funciona,26/09/24,Vini,Corte,Elétrica,Concluído,Guilherme,23/10/24
213,Oscilação do ventilador não funciona,26/09/24,Isis,Corte,Elétrica,Concluído,Guilherme,23/10/24
214,Ventilador não funciona,26/09/24,Robson,Área de descanso,Elétrica,Concluído,Guilherme,23/10/24
215,Portão em frente o Corte saiu do trilho,27/09/24,Nathalia,Matriz,Mecânica,Concluído,Robson,27/09/24
216,Fixar tubulação de agua na parede (rsico de quebra e vazamento),27/09/24,Robson,Filial,Hidráulica,Concluído,Guilherme,27/09/24
217,Fita da Esteira da fusionadeira soltando,27/09/24,Fran Duarte,Acabamento,Mecânica,Concluído,Guilherme,27/09/24
218,Proteger mesas com fita,27/09/24,Fran Duarte,Acabamento,Instalação,Concluído,Guilherme,27/09/24
219,Desenvolver projeto e fornecedor de carrinhos para Expedição,27/09/24,Juliano,Expedição,Instalação,Concluído,Robson,16/10/24
220,Instalar bomba de produtos na ETE,27/09/24,Maiko,Estamparia,Instalação,Concluído,Guilherme,02/10/24
221,Banheiros com cheiro de esgoto,02/10/24,Priscila,Filial,Hidráulica,Concluído,Guilherme,03/10/24
222,Rodas do carrinho travando,02/10/24,Henrique,Logistica,Mecânica,Concluído,Guilherme,04/10/24
223,Luminária queimou devido queda de energia,02/10/24,Humberto,Estoque,Elétrica,Concluído,Guilherme,03/10/24
224,Comprar e instalar conector da bomba de floculante,02/10/24,Mayco,ETE,Mecânica,Concluído,Guilherme,02/10/24
225,Mudar a tubulação de água do ventilador do tanque para a potável,02/10/24,Mayco,Estamparia,Hidráulica,Concluído,Guilherme,02/10/24
226,Ar condicionado desarmando disjuntor,02/10/24,Rafael,ADM,Elétrica,Concluído,Robson,02/10/24
227,Instalação de Defletor de ar condicionado,03/10/24,Guilherme,Controladoria,Instalação,Concluído,Guilherme,11/10/24
228,Instalar lampada na cabine de limpeza,03/10/24,Fran Duarte,Acabamento,Elétrica,Concluído,Guilherme,04/10/24
229,Instalar tomada para ligar a cabine de limpeza,03/10/24,Fran.Duarte,Acabamento,Elétrica,Concluído,Guilherme,04/10/24
230,Trocar luz queimada em cima mesa da embalagem,03/10/24,Fran.Duarte,Acabamento,Elétrica,Concluído,Guilherme,04/10/24
231,Aplicar espuma expansiva no furo dos tubos do ar condicionado,03/10/24,Isabela,PPCP,Civil,Concluído,Guilherme,04/10/24
232,Porta da sala de T.I. não está fechando,03/10/24,Isabela,T.I.,Civil,Concluído,Guilherme,04/10/24
233,Pintar o piso branco,04/10/24,Diego,Estúdio,Civil,Concluído,Guilherme,08/10/24
234,Trocar luz da maquina de pregar botão que queimou,04/10/24,Fran.Duarte,Acabamento,Elétrica,Concluído,Guilherme,06/10/24
235,Ar condicionado nao funciona,04/10/24,Diego,Estúdio,Mecânica,Concluído,Robson,16/10/24
236,Porta da sala da produção enrroscando,04/10/24,Fran.Duarte,Acabamento,Civil,Concluído,Guilherme,07/10/24
237,Troca da rodinha da cadeira,07/10/24,Guilherme,Controladoria,Instalação,Concluído,Guilherme,08/10/24
238,Repintar identificação de extintores no corredor de acesso ao estúdio,08/10/24,Robson,Matriz,Civil,Concluído,Guilherme,11/10/24
239,Instalar iluminação na nova sala do Estúdio,08/10/24,Diego,Estúdio,Elétrica,Concluído,Guilherme,22/10/24
240,Mudar tubulação eletrica de local,08/10/24,Diego,Estúdio,Elétrica,Concluído,Guilherme,11/10/24
241,Colar fita na esteira da maquina fusionadeira,09/10/24,Fran.Duarte,Acabamento,Mecânica,Concluído,Guilherme,09/10/24
242,Troca de cadeira. Antiga quebrada,09/10/24,Guilherme,Controladoria,Instalação,Concluído,Guilherme,28/10/24
243,Recompor tampas dos quadros do painel de medição da Copel,09/10/24,Jair,Filial,Elétrica,Concluído,Guilherme,09/10/24
244,Trocar oleo do compressor de ar,09/10/24,Joelson,Corte,Mecânica,Concluído,Robson,15/10/24
245,Revisão na câmera de segurança,09/10/24,Juliano,Expedição,Elétrica,Concluído,Guilherme,09/10/24
246,Trocar lâmpadas queimadas,09/10/24,Fran.Duarte,Acabamento,Elétrica,Concluído,Guilherme,09/10/24
247,Colocar luz na mesa da embalagem,09/10/24,Fran.Duarte,Acabamento,Elétrica,Concluído,Guilherme,09/10/24
248,Trocar as chapas das 3 mesas novas estão envergadas,10/10/24,Fran.Duarte,Acabamento,Instalação,Concluído,Guilherme,24/10/24
249,Arrumar 9 cadeiras que caiu o encosto ,10/10/24,Fran.Duarte,Acabamento,Mecânica,Concluído,Guilherme,nan
250,Vazamento de agua em torneira no pátio,10/10/24,Robson,Matriz,Hidráulica,Concluído,Robson,10/10/24
251,Consertar pneu furado,10/10/24,Henrique,Filial,Mecânica,Concluído,Guilherme,10/10/24
252,Trocar duas fechaduras,11/10/24,Diego,Estúdio,Civil,Concluído,Guilherme,11/10/24
253,Interfone com defeito,11/10/24,Jair,Expedição,Elétrica,Concluído,Robson,11/10/24
254,Fazer solda no elevador,11/10/24,Weder,Expedição,Mecânica,Concluído,Guilherme,15/10/24
255,Instalar placas de coleta seletiva e resíduos nos locais necessários,11/10/24,Jair,Geral,Instalação,Concluído,Robson,28/10/24
256,Instalar lixeiras de coleta seletiva nos locais necessários,11/10/24,Jair,Geral,Instalação,Concluído,Robson,24/10/24
257,Cortar prateleira para caber na nova sala,11/10/24,Diego,Estúdio,Mecânica,Concluído,Guilherme,24/10/24
258,Torneira do chuveio banheiro masculino com defeito,14/10/24,Vini,Corte,Hidráulica,Concluído,Robson,14/11/24
259,Trocar lampadas queimadas no setor,14/10/24,Joelson,Corte,Elétrica,Concluído,Guilherme,22/10/24
260,Instalar climatizadores,14/10/24,Weder,Expedição,Instalação,Concluído,Robson,18/11/24
261,Pintar muro frontal lado externo,15/10/24,Robson,Matriz,Civil,Concluído,Guilherme,21/10/24
262,Placa de identificação soltou da parede,15/10/24,Rafael,ADM,Civil,Concluído,Robson,15/10/24
263,Trocar fechadura com defeito,15/10/24,Isabela,PPCP,Civil,Concluído,Robson,21/10/24
264,Compressor com ar fraco,16/10/24,Joelson,Corte,Mecânica,Concluído,Robson,16/10/24
265,Rodinha da cadeira com defeito,16/10/24,Isabela,PPCP,Mecânica,Concluído,Guilherme,28/10/24
266,consertar tomada para novo pc no recebimento,16/10/24,Weder,Expedição,Elétrica,Concluído,Guilherme,16/10/24
267,Acompanhar técnico na instalação da fusionadeira,16/10/24,Fran.Duarte,Acabamento,Instalação,Concluído,Guilherme,16/10/24
268,Verificar soprador,16/10/24,Mayko,Estamparia,Elétrica,Concluído,Guilherme,16/10/24
269,Esteira da fusionadeira parou de funcionar,16/10/24,Fran.Duarte,Acabamento,Mecânica,Concluído,Guilherme,16/10/24
270,Alinhar a esteira da maquina de fuionagem que desalinhou por falta de ar,17/10/24,Fran.Duarte,CD,Mecânica,Concluído,Guilherme,17/10/24
271,Maquina pequena fusionagem não liga,17/10/24,Fran.Duarte,CD,Elétrica,Concluído,Guilherme,17/10/24
272,Marmiteiro em curto,17/10/24,Gleice,Refeitório,Elétrica,Concluído,Guilherme,17/10/24
273,Conduzir projeto de abertura de passagem entre Corte e Estoque,17/10/24,Rafael,Estoque,Civil,Concluído,Robson,06/11/24
274,Melhorar paisagismo em frente a Walter Pereira,17/10/24,Robson,Matriz,Civil,Concluído,Guilherme,21/10/24
275,Falta de ar na maquina fusionadeira,18/10/24,Fran.Duarte,CD,Mecânica,Concluído,Guilherme,18/10/24
276,Portão do Corte com rolamento travado,18/10/24,Robson,Pátio,Mecânica,Concluído,Robson,18/10/24
277,trocar peça de nylon da fusionadeira,21/10/24,Fran.Duarte,Acabamento,Mecânica,Concluído,Guilherme,22/10/24
278,Máquina Elektra não funciona com sub voltagem,21/10/24,Joelson,Corte,Elétrica,Concluído,Robson,21/10/24
279,Instalar ponto de ar comprimido,22/10/24,Renato Silva,CD,Mecânica,Concluído,Robson,30/10/24
280,trocar rodinha cadeira Amanda,22/10/24,Janaina,engenharia,Mecânica,Concluído,Guilherme,28/10/24
281,Verificar correia da maquina,23/10/24,Fran.Duarte,Acabamento,Mecânica,Concluído,Guilherme,23/10/24
282,Pneu do carrinho furado,23/10/24,Henrique,Filial,Mecânica,Concluído,Guilherme,04/11/24
283,Lâmpada da sala piscando,23/10/24,Jair,ADM,Elétrica,Concluído,Guilherme,24/10/24
284,Trocar relés e botões de comando de duas máquinas de enfestar,25/10/24,Joelson,Corte,Elétrica,Concluído,Robson,nan
285,Trocar lâmpadas queimadas nos banheiros,25/10/24,Robson,Filial,Elétrica,Concluído,Guilherme,21/11/24
286,Lavar o pátio na região da obra da ETE,25/10/24,Renato Silva,Filial,Civil,Concluído,Guilherme,26/10/24
287,Pintar as paredes da nova área da ETE,28/10/24,Robson,Filial,Civil,Concluído,Guilherme,28/10/24
288,Transferir os IBCs para a nova área da ETE e fazer a ligação hidráulica,28/10/24,Robson,Filial,Instalação,Concluído,Guilherme,06/11/24
289,Instalar tomada,28/10/24,Fran Duarte,Acabamento,Elétrica,Concluído,Guilherme,28/10/24
290,Sedintupir o banheiro masculino da  filial o banheiro maior com 3 repartições,28/10/24,Fran Duarte,Acabamento,Hidráulica,Concluído,Guilherme,28/10/24
291,Maquina de passar entretela Peitilho travou,28/10/24,Fran Duarte,CD,Mecânica,Concluído,Guilherme,28/10/24
292,Colar placa da sala que caiu,29/10/24,Cilene,Compras,Civil,Concluído,Guilherme,01/11/24
293,Vaso sanitário entupido,29/10/24,Guilherme,Filial,Civil,Concluído,Guilherme,29/10/24
294,Interfone não funciona,29/10/24,Nathalia,Matriz,Elétrica,Concluído,Guilherme,29/10/24
295,Foto celula do portão principal com defeito,29/10/24,Robson,Matriz,Elétrica,Concluído,Robson,30/10/24
296,No dia 5/11 as 8h30 acompanhar a troca dos extinbtores vencidos,30/10/24,Cilene,Matriz,Civil,Concluído,Robson,05/11/24
297,Maquina dando choque,30/10/24,,Filial,Elétrica,Concluído,Guilherme,30/10/24
298,Divisória caiu  fixar novamente,30/10/24,Weder,Expedição Kids,Civil,Concluído,Guilherme,30/10/24
299,Cortar o bico de uma tesoura para ficar com a ponta quadrada,31/10/24,Fran. Duarte,Pilotagem,Mecânica,Concluído,Guilherme,31/10/24
300,Bomba da ETE não funciona no automático,31/10/24,Mayko,Estamparia,Elétrica,Concluído,Robson,04/11/24
301,Cortar a tampa de dois IBCs,31/10/24,Robson,ETE,Instalação,Concluído,Guilherme,04/11/24
302,Maquina de costura dando choque,31/10/24,Fran. Duarte,Acabamento,Elétrica,Concluído,Guilherme,31/10/24
303,Colar batente da porta que soltou,31/10/24,Robson,Recepção Matriz,Civil,Concluído,Guilherme,31/10/24
304,Instalar novo interfone na Expedição,01/11/24,Robson,Expedição,Elétrica,Concluído,Robson,10/12/24
305,Instalar ventilador na parede,01/11/24,Pedro,Qualidade,Instalação,Concluído,Guilherme,01/11/24
306,Lavar climatizador do setor,01/11/24,Pedro,Qualidade,Mecânica,Concluído,Guilherme,01/11/24
307,Instalar maquina de bolso embudido no setor do acabamento,01/11/24,Fran. Duarte,Acabamento,Instalação,Concluído,Guilherme,07/11/24
308,Marmiteiro individual não esta esquentando igual ao outros 2 ,04/11/24,Fran. Duarte,Acabamento,Elétrica,Concluído,Guilherme,04/11/24
309,Drenos do ar condicionado entupido,04/11/24,Rafael,ADM Matriz,Mecânica,Concluído,Guilherme,04/11/24
310,Maquina de viés travando no funcionamento,04/11/24,Joelson,Corte,Elétrica,Concluído,Robson,04/11/24
311,Desligar instalação eletrica do mesanino do Estoque,04/11/24,David,Estoque,Elétrica,Concluído,Guilherme,04/11/24
312,Desenvolver sistema de  solicitação de tecido para o estoque,05/11/24,Joelson,Corte,Instalação,Concluído,Robson,11/12/24
313,Pintar paredes ,06/11/24,Jair,ETE,Civil,Concluído,Guilherme,10/12/24
314,Trocar de lugar o cartão ponto que esta debaixo de onde cai muita agua ,07/11/24,Fran. Duarte,Produção,Instalação,Concluído,Guilherme,07/11/24
315,Marmiteiro indivudual está ficando com agua morna,07/11/24,Fran. Duarte,Produção,Elétrica,Concluído,Guilherme,12/11/24
316,Ajustar o tamanho da mangueira de ar da maquina do embutido,07/11/24,Fran. Duarte,Produção,Mecânica,Concluído,Guilherme,07/11/24
317,Pintar paredes escadas e guarda corpo do setor,07/11/24,David,Estoque,Civil,Concluído,Guilherme,04/12/24
318,Colar o adesivo da esteira que esta soltando do CD,08/11/24,Fran. Duarte,Produção,Mecânica,Concluído,Guilherme,11/11/24
319,tomadas do ferro que estão com mal contato,08/11/24,Fran. Duarte,Produção,Elétrica,Concluído,Guilherme,11/11/24
320,Corrente da maquina escapou,11/11/24,Fran. Duarte,Produção,Mecânica,Concluído,Guilherme,11/11/24
321,Transportar prateleira da matriz para a filial,11/11/24,David,Estoque,Instalação,Concluído,Guilherme,19/11/24
322,Vazamento de agua no tanque,12/11/24,Mayco,Estamparia,Hidráulica,Concluído,Guilherme,19/11/24
323,reabastecer bebedouros com água de galão,12/11/24,Aline,Filal/Matriz,Hidráulica,Concluído,Guilherme,12/11/24
324,Mudar posição da máquina Delta trazendo ao lado do corredor,12/11/24,Nélio,Revisão,Instalação,Concluído,Robson,12/11/24
325,Instalar extensão de tomadas para a mesa de trabalho,12/11/24,Nélio,Revisão,Elétrica,Concluído,Guilherme,12/11/24
326,Montar treinamento de PGR para toda empresa,12/11/24,Jair,PGR,Instalação,Concluído,Robson,11/12/24
327,Comprar correias para máquinas,13/11/24,Joelson,Corte,Instalação,Concluído,Robson,13/11/24
328,Trocar bóia do bebedouro,13/11/24,Robson,Estoque/Revisão,Hidráulica,Concluído,Guilherme,13/11/24
329,Remover tubulação de esgoto obsoleta,13/11/24,Robson,Revisão,Hidráulica,Concluído,Guilherme,22/01/24
330,Sensor da maquina de contagem de peças não funciona,13/11/24,FranAguiar,Revisão,Elétrica,Concluído,Robson,26/11/24
331,Enfestadeira 1 com defeito eletrico e alarmes na IHM,18/11/24,Joelson,Corte,Elétrica,Concluído,Robson,18/11/24
332,Instalar sifão na pia da Copa,18/11/24,Jair,ADM,Hidráulica,Concluído,Robson,21/11/24
333,Telhas de zinco se soltaram com o vento,18/11/24,Mayco,Tanque de limpeza externo,Instalação,Concluído,Guilherme,19/11/24
334,instalar sirene extra no interfone,18/11/24,Nélio,Estoque,Elétrica,Concluído,Robson,25/11/24
335,Bebedouro entupido,19/11/24,FranAguiar,Filial,Hidráulica,Concluído,Guilherme,19/11/24
336,Trocar lâmpada do corredor da ADM,19/11/24,Rafael,ADM,Elétrica,Concluído,Guilherme,21/11/24
337,Falta de fase na rede eletrica,19/11/24,FranAguiar,Acabamento,Elétrica,Concluído,Guilherme,19/11/24
338,Ar condicionado não gela,19/11/24,Tatiane,RH,Refrigeração,Concluído,Robson,21/11/24
339,Ar condicionado não liga,19/11/24,Joelson,Risco,Refrigeração,Concluído,Guilherme,19/11/24
340,FECHADURA DA PORTA DO ALMOXARIFADO COMPROBLEMA,19/11/24,FABIANA,ALMOXARIFADO/AVIAMEN,Civil,Concluído,Guilherme,21/11/24
341,Sensor da Enfestadeira 2 com defeito,19/11/24,Joelson,Corte,Elétrica,Concluído,Robson,21/11/24
342,Construir rampa de acesso no portão social,21/11/24,Jair,Matriz,Civil,Concluído,Guilherme,22/11/24
343,Vazamento de agua no banheiro ,22/11/24,Val,Filial,Hidráulica,Concluído,Guilherme,22/11/24
344,Vazamento de agua em um climatizador,25/11/24,Weder,Expedição    ,Hidráulica,Concluído,Guilherme,25/11/24
345,Trocar resistências queimadas dos marmiteiros,25/11/24,Robson,Refeitório Matriz,Elétrica,Concluído,Guilherme,27/11/24
346,Embalar a caldeira de forma segura para transporte para ser envida para revisão,25/11/24,Fran. Duarte,Acabamento,Instalação,Concluído,Robson,25/11/24
347,Trocar sensor da maquina de enfestar,25/11/24,Joelson,Corte,Elétrica,Concluído,Robson,25/11/24
348,Instalar máquina automática de enfestar Westman,25/11/24,Joelson,Corte,Instalação,Concluído,Robson,27/11/24
349,Fiação elétrica em curto no piso,25/11/24,Weder,Expedição,Elétrica,Concluído,Guilherme,25/11/24
350,Tubo de água potável trincado,25/11/24,Robson,Estoque,Hidráulica,Concluído,Guilherme,25/11/24
351,Levar bomba antiga de incêndio para empresa externa para venda,25/11/24,Jair,Expedição,Instalação,Concluído,Robson,26/11/24
352,Pintar vidros das janelas de preto,25/11/24,Nélio,Revisão,Civil,Concluído,Guilherme,26/11/24
353,Instalar tomada para computador,26/11/24,Tatiana,Compras,Elétrica,Concluído,Guilherme,27/11/24
354,Computador e impressora desligando aleatoriamente,27/11/24,Renato,RH,Elétrica,Concluído,Guilherme,27/11/24
355,Consertar fonte de alimentação da enfestadeira,27/11/24,Robson,Corte,Elétrica,Concluído,Robson,27/11/24
356,Bomba de efluentes da ETE não está funcionando,27/11/24,Mayco,Estamparia,Elétrica,Concluído,Guilherme,28/11/24
357,Instalar recepiente para coleta de retalhos de tecido,28/11/24,Robson,Acabamento,Instalação,Concluído,Robson,19/12/24
358,Conectar mangueira de ar c/ bico p/ agilizar a passagem da linha maq. de caseado,28/11/24,Fran.Duarte,Acabamento,Mecânica,Concluído,Guilherme,29/11/24
359,Encaixotar a caldeira para transporte em pé p ser enviada para manutenção,28/11/24,Fran.Duarte,Acabamento,Instalação,Concluído,Robson,03/12/24
360,Instalar novas mesas e adequar instalação eletrica,28/11/24,Rafael,Estilo,Instalação,Concluído,Robson,29/11/24
361,Pintar piso branco,02/12/24,Diego,Estúdio,Civil,Concluído,Guilherme,02/12/24
362,Remover quadro branco de trás das prateleiras,02/12/24,Nélio,Estoque,Instalação,Concluído,Guilherme,04/12/24
363,Trocar lampada LED queimada na linha da maquina de enfesto 1,02/12/24,Vini,Corte,Elétrica,Concluído,Guilherme,02/12/24
364,Instalar luminarias LED sobre a Maquina de Enfesto 1,02/12/24,Vini,Corte,Elétrica,Concluído,Robson,18/12/24
365,Vedar vazamento na tubulação de pluvial em frente a Inteligência do Produto,02/12/24,Robson,Filial,Civil,Concluído,Guilherme,02/12/24
366,Vedar infiltração de água na parede sob o relógio ponto,02/12/24,Robson,Filial,Civil,Concluído,Guilherme,02/12/24
367,Trocar a mangueira de ar comprimido (Guilherme sabe qual é),02/12/24,Fran.Duarte,Acabamento,Mecânica,Concluído,Guilherme,02/12/24
368,Orçar instalação de passarela sob o telhado da ADM,02/12/24,Rafael,Matriz/ADM,Instalação,Concluído,Robson,20/02/25
369,tirar o vazamento da 2 torneira banheiro feminino,02/12/24,Fran.Duarte,Filial,Hidráulica,Concluído,Guilherme,04/12/24
370,Levar prateleira de aço para a Expedição,03/12/24,Rafael,Matriz ,Instalação,Concluído,Robson,03/12/24
371,Vazamento de agua no climatizador molhando as tabuas de mdf,03/12/24,Weder,Expedição,Civil,Concluído,Guilherme,03/12/24
372,Instalar fechadura para cadeado na porta de acesso ao setor,04/12/24,Renato,Expedição Play,Civil,Concluído,Guilherme,04/12/24
373,Remover sobra de material dnetro do setor,04/12/24,Weder,Expedição ,Civil,Concluído,Guilherme,04/12/24
374,Parafusar tampo da nova mesa,04/12/24,Leilane,Compras,Instalação,Concluído,Guilherme,06/12/24
375,Instalar pistolas de ar para limpeza das máquinas,04/12/24,Fran Aguiar,Revisão,Mecânica,Concluído,Guilherme,05/12/24
376,Fita LED queimada,04/12/24,Rafael,Sala de reunião térreo,Elétrica,Concluído,Guilherme,04/12/24
377,Instalar portas ,04/12/24,Robson,Refeitório,Civil,Concluído,Robson,04/12/24
378,Fechadura da porta da sala da Isis não está abrindo,05/12/24,Vini,Corte,Civil,Concluído,Guilherme,nan
379,Remover fitas do piso da area de revisão,05/12/24,Isabela,Produção,Civil,Concluído,Guilherme,06/12/24
380,Vazamento de agua nos drenos do ar condicionado,05/12/24,Rafael,Matriz/ADM,Mecânica,Concluído,Guilherme,06/12/24
381,Pingando agua do climatizador,06/12/24,Weder,Expedição,Mecânica,Concluído,Guilherme,06/12/24
382,Instalar quadros na parede,06/12/24,Rafael,Showroom,Mecânica,Concluído,Robson,06/12/24
383,Instalar tomada para mesa do David,06/12/24,Nélio,Estoque de tecidos,Elétrica,Concluído,Guilherme,06/12/24
384,Trocar lâmpada queimada no corredor,06/12/24,Robson,ADM Matriz,Elétrica,Concluído,Guilherme,06/12/24
385,Ar condicionado vazando água,06/12/24,Tatiane,Estilo,Refrigeração,Concluído,Guilherme,09/12/24
386,Instalar botão lado interno portão principal para saida de motos,06/12/24,Rafael,Matriz   ,Instalação,Concluído,Robson,20/01/25
387,Transferir mesa da Fran para o chão de fábrica,09/12/24,Nélio,Qualidade,Instalação,Concluído,Guilherme,09/12/24
388,Instalar display de acrilico no setor,09/12/24,Isabela,Revisão,Instalação,Concluído,Robson,19/12/24
389,Suporte de tablet de um dos carrinhos quebrou,09/12/24,Weder,Expedição,Instalação,Concluído,Robson,09/12/24
390,Instalar luminária sobre a mesa,09/12/24,David,Estoque de tecidos,Elétrica,Concluído,Guilherme,09/12/24
391,Rede pluvial entupida,09/12/24,Jair,Area de descanso,Hidráulica,Concluído,Robson,09/12/24
392,Orçar conserto do telhado,09/12/24,Robson,Area de descanso,Civil,Concluído,Robson,09/12/24
393,ventilador de chão quebrou,10/12/24,FABIANA,almmoxarifado/aviamento,Elétrica,Concluído,Guilherme,31/01/25
394,Fixar dispenser de papel na parede pois caiu,10/12/24,Aline,Banheiro Feminino,Civil,Concluído,Guilherme,11/12/24
395,Recolher entulho e dispensar na caçamba de coleta,11/12/24,Robson,Matriz,Civil,Concluído,Guilherme,11/11/24
396,Consertar tomada do ventilador,11/12/24,Fran,Acabamento,Elétrica,Concluído,Guilherme,11/12/24
397,Verificar defeito na maquina de peitilho,11/12/24,Fran,Acabamento,Mecânica,Concluído,Guilherme,11/12/24
398,Bebedouro com dreno entupido vazando agua no chão,11/12/24,Vini,Corte,Hidráulica,Concluído,Guilherme,11/12/24
399,Enfestadeira 1 com correia quebrada,11/12/24,Vini,Corte,Mecânica,Concluído,Robson,16/12/24
400,Colocar duas buchas na parede da ADM,11/12/24,Gabriel,T.I.,Civil,Concluído,Guilherme,11/12/24
401,Aumentar a arara para que a roupa não encoste na parede.,11/12/24,Isabela/Nélio,Corte,Instalação,Concluído,Guilherme,19/12/24
402,Limpar ar condicionado sala Sr. Jair,11/12/24,Robson,ADM,Refrigeração,Concluído,Guilherme,11/12/24
403,Limpar ar condicionado sala Vendas,11/12/24,Robson,ADM,Refrigeração,Concluído,Guilherme,11/12/24
404,Limpar ar condicionado sala de reunião principal (2 aparelhos),11/12/24,Robson,ADM,Refrigeração,Concluído,Guilherme,16/12/24
405,Limpar ar condicionado sala de reunião térreo,11/12/24,Robson,ADM,Refrigeração,Concluído,Guilherme,19/12/25
406,Limpar ar condicionado sala do Marketing (2 Aparelhos),11/12/24,Robson,ADM,Refrigeração,Concluído,Guilherme,12/12/24
407,Limpar ar condicionado sala do Rafael,11/12/24,Robson,ADM,Refrigeração,Concluído,Guilherme,16/12/24
408,Limpar ar condicionado sala antigo Showroom,11/12/24,Robson,ADM,Refrigeração,Concluído,Guilherme,16/12/24
409,Limpar ar condicionado sala Inteligência de mercado,11/12/24,Robson,ADM,Refrigeração,Concluído,Robson,11/11/24
410,Limpar ar condicionado sala Laboratório,11/12/24,Robson,Laboratório,Refrigeração,Concluído,Guilherme,11/12/24
411,Solicito orçamento para um aumento do pavilhão do corte ,12/12/24,Isabela/Nélio,Barracão Corte,Instalação,Concluído,Robson,08/01/25
412,Prensa da Enfestadeira 4 não está travando,12/12/24,Rose,Corte,Mecânica,Concluído,Robson,12/12/24
413,Desativar uma torneira da banheiro feminino que esta escorrendo sem parar,16/12/24,Fran.Duart,Filial,Hidráulica,Concluído,Guilherme,17/12/24
414,Cortar os pés da mesa,16/12/24,David,Estoque,Mecânica,Concluído,Guilherme,17/12/24
415,Limpar ar condicionado da recepção da Expedição,17/12/24,Robson,Expedição,Refrigeração,Concluído,Guilherme,23/12/24
416,Limpar ar condicionado da sala do Weder,17/12/24,Robson,Expedição,Refrigeração,Concluído,Guilherme,23/12/24
417,Instalar ponto de ar comprimido na oficina,17/12/24,Robson,Manutenção,Mecânica,Concluído,Guilherme,18/12/24
418,Compra de balde para alocar os tubetes e organizar o setor,17/12/24,Isabela/Francielle,Laboratório,Instalação,Concluído,Robson,19/12/24
419,maquina de desfiar gola esta travada,18/12/24,Fran.Duarte,CD,Mecânica,Concluído,Guilherme,18/12/24
420,maquina de fusionagem pequena tem uma mangueira na parte interna vazando ar,18/12/24,Fran.Duarte,CD,Mecânica,Concluído,Guilherme,18/12/24
421,maquina de fusionagem pequena arrumar o remendo que esta solto ,18/12/24,Fran.Duarte,CD,Mecânica,Concluído,Guilherme,18/12/24
422,Orçar/Programar manutenção de 2000h do compressor parafuso,19/12/24,Robson,Filial,Mecânica,Concluído,Robson,09/01/25
423,Limpar ar condicionado sala Umberto,19/12/24,Robson,Estoque,Refrigeração,Concluído,Guilherme,19/12/24
424,Limpar ar condicionado do Refeitório,19/12/24,Robson,Refeitório,Refrigeração,Concluído,Guilherme,19/12/24
425,Pintar piso na entrada da Recepção,19/12/24,Robson,Matriz,Civil,Concluído,Guilherme,19/12/24
426,Construir mesa de 1.10 x 1.10 para a enfestadeira,19/12/24,Vini,Corte,Instalação,Concluído,Robson,07/01/25
427,Instalar placas de sinalização Resíduo Perigoso,19/12/24,Robson,Estamparia e ETE,Instalação,Concluído,Robson,19/12/24
428,Limpeza do compressor parafuso,20/12/24,Robson,Filial,Mecânica,Concluído,Guilherme,20/12/24
429,Acoplamento da máquina de viés quebrado,20/12/24,Vini,Corte,Mecânica,Concluído,Robson,20/12/24
430,Luz da sala piscando,20/12/24,Jair,Diretoria,Elétrica,Concluído,Guilherme,20/12/24
431,Passar resina no piso do corredor do estúdio,20/12/24,Robson,Matriz,Civil,Concluído,Guilherme,20/12/24
432,Fixar mão francesa para guarda de lâmpadas queimadas,20/12/24,Robson,Oficina manutenção,Civil,Concluído,Robson,26/12/24
433,Limpar ar condicionado da sala Gerência,26/12/24,Robson,Filial,Refrigeração,Concluído,Guilherme,26/12/24
434,Limpar ar condicionado da sala Modelagem,26/12/24,Robson,Filial,Refrigeração,Concluído,Guilherme,26/12/24
435,Limpar ar condicionado da sala Estilo,26/12/24,Robson,Filial,Refrigeração,Concluído,Guilherme,27/12/24
436,Limpar ar condicionado da sala Show Room,26/12/24,Robson,Filial,Refrigeração,Concluído,Guilherme,03/01/25
437,Limpar ar condicionado da sala T.I.,26/12/24,Robson,Filial,Refrigeração,Concluído,Guilherme,02/01/25
438,Limpar ar condicionado da sala PCP,26/12/24,Robson,Filial,Refrigeração,Concluído,Guilherme,02/01/25
439,Limpar ar condicionado da sala PCP,26/12/24,Robson,Filial,Refrigeração,Concluído,Guilherme,02/01/25
440,Limpar ar condicionado da sala Refeitório,26/12/24,Robson,Filial,Refrigeração,Concluído,Guilherme,26/12/24
441,Limpar ar condicionado da sala Refeitório,26/12/24,Robson,Filial,Refrigeração,Concluído,Guilherme,27/12/24
442,Limpar ar condicionado da salaRefeitório,26/12/24,Robson,Filial,Refrigeração,Concluído,Guilherme,27/12/24
443,Limpar ar condicionado da sala de Reunião,26/12/24,Robson,Filial,Refrigeração,Concluído,Guilherme,27/12/24
444,Afiar discos da maquina de viés,27/12/24,Vini,Corte,Mecânica,Concluído,Robson,27/12/24
445,Mola da maquina de viés escapou,27/12/24,Vini,Corte,Mecânica,Concluído,Robson,27/12/24
446,Trocar a luz da maquina galoneira queimou,27/12/24,Fran.Duarte,Acabamento,Elétrica,Concluído,Guilherme,30/12/24
447,Trocar lampada queimada na mesa de enfesto da Rose,30/12/24,Robson,Corte,Elétrica,Concluído,Guilherme,30/12/24
448,Comprar 10 latas de spray desengripante,30/12/24,Robson,Corte,Mecânica,Concluído,Guilherme,30/12/24
449,Fazer a limpeza da sala do TI e provindenciar a chave para ficar a sala fechada,30/12/24,Fran.Duarte,Produção,Civil,Concluído,Guilherme,30/12/24
450,Portão social da ADM não abre pelo intefone,30/12/24,Nathali,Matriz,Elétrica,Concluído,Robson,30/12/24
451,Verificar problema na máquina de viés,02/01/25,Isis,Corte,Mecânica,Concluído,Robson,02/01/25
452,Máquina de arquear com defeito,02/01/25,Vini,Corte,Mecânica,Concluído,Robson,02/01/25
453,Caixa de comando eletrico da mesa de enfesto 1 caiu,02/01/25,Vini,Corte,Elétrica,Concluído,Robson,02/01/25
454,Trocar lâmpada da sala,02/01/25,Bete,Financeiro,Elétrica,Concluído,Guilherme,02/01/25
455,Maquina de peitilho travado ( Guilherme já arrumou),02/01/25,Fran.Duarte,Filial/ CD,Mecânica,Concluído,Guilherme,02/01/25
456,Abaixar o ventilador do acabamento,03/01/25,Fran.Duarte,Filial/ Acabamento,Elétrica,Concluído,Guilherme,03/01/25
457,Trocar o ventilador da pilotagem de lugar,03/01/25,Fran.Duarte,Filial / Pilotagem,Instalação,Concluído,Guilherme,03/01/25
458,Ajustar trava da maquina,03/01/25,Isis,Corte,Mecânica,Concluído,Guilherme,03/01/25
459,Vazamento de agua na valvula Hydra do banheiro externo,03/01/25,Robson,laboratório,Hidráulica,Concluído,Robson,03/01/25
460,Tratamento de agua ( transbordou a agua das caixas e foi para as maquinas) ( uregente),03/01/25,Fran.Duarte,Estamparia,Civil,Concluído,Robson,06/01/25
461,Porta do fundo do Estúdio está abrindo por fora,06/01/25,Diego,Estúdio,Civil,Concluído,Robson,07/01/25
462,Pintar piso do Estúdio,06/01/25,Diego,Estúdio,Civil,Concluído,Guilherme,06/01/25
463,Ajustar tomadas da sala da antiga Expedição,06/01/25,Diego,Expedição KIDS,Elétrica,Concluído,Guilherme,06/01/25
464,Arrumar cadeado da porta de entrada do estoque,06/01/25,Diego,Expedição KIDS,Civil,Concluído,Guilherme,06/01/25
465,Arrumar o braço de uma cadeira do marketing,06/01/25,Diego,Marketing,Instalação,Concluído,Guilherme,06/01/25
466,Suporte da cremalheira do portão do Corte quebrou,07/01/25,Robson,Matriz,Mecânica,Concluído,Robson,07/01/25
467,Limpar ar condicionado,07/01/25,Diego,Sala Expedição Kid,Refrigeração,Concluído,Guilherme,08/01/25
468,Fazer demarcação no piso dos extintores,07/01/25,Robson,Estoque de tecidos,Civil,Concluído,Guilherme,09/01/25
469,Cortar tampo de MDF para mesa do setor,07/01/25,Robson,Corte,Instalação,Concluído,Guilherme,08/01/25
470,batente da porta da T.I.. está solto,07/01/25,Nélio,T.I.,Civil,Concluído,Guilherme,08/01/25
471,Ajustar ventilador do acabamento,08/01/25,Fran.Duarte,Acabamento,Instalação,Concluído,Guilherme,08/01/25
472,Remover o corte de enfesto semi automatico da mesa 2 e instalar na mesa do fundo,08/01/25,Vini,Corte,Instalação,Concluído,Robson,15/01/25
473,Instalar corte de enfesto de ribana em outra posição da mesa,08/01/25,Vini,Corte,Instalação,Concluído,Robson,08/01/25
474,Instalar tela mosquiteiro na grade do portão de acesso.,08/01/25,Robson,Area de descanso,Civil,Concluído,Guilherme,09/01/25
475,Remover revisora do setor de Qualidade e instalar no setor de Corte,08/01/25,Nélio,Estoque de tecido  ,Instalação,Concluído,Robson,13/01/25
476,Organizar material estocado ao lado do showroom descartando o que for lixo,09/01/25,Rafael,Filial,Civil,Concluído,Guilherme,16/01/25
477,Juntar as mesas retiradas do Estilo para uso na revisão,09/01/25,Rafael,Filial,Civil,Concluído,Guilherme,nan
478,maquina pneumatica com a mangueira de ar rachada (fazer a substituição),09/01/25,Fran.Duarte,Filial,Mecânica,Concluído,Guilherme,09/01/25
479,Fazer infra elétrica para a máquina revisora,09/01/25,Robson,Corte,Elétrica,Concluído,Robson,13/01/25
480,Verificar alarme do barracão não está acionando,10/01/25,Jair,Corte,Elétrica,Concluído,Robson,nan
481,Colar a esteira preta da maquina de fusionagem que esta descolando,10/01/25,Fran.Duarte,Filial,Mecânica,Concluído,Guilherme,14/01/25
482,Fixar suporte para tablet no carrinho,10/01/25,Weder,Expedição,Mecânica,Concluído,Guilherme,17/01/25
483,Fechar com divisórias Expedição Play com E-comerce,10/01/25,Weder,Expedição,Instalação,Concluído,Robson,13/01/25
484,Instalar grade e adiantar portão de acesso à Expedição,10/01/25,Weder,Expedição,Instalação,Concluído,Robson,04/02/25
485,Instalar fechadura com senha ou biométrica na porta entre ADM e Expedição,10/01/25,Weder,Expedição,Instalação,Concluído,Guilherme,17/01/25
486,Trocar Lâmpadas queimadas sob as mesas 1 e 4,10/01/25,Robson,Corte,Elétrica,Concluído,Guilherme,14/01/25
487,Trocar Lâmpadas queimadas em frente as revisoras,13/01/25,Robson,Revisão,Elétrica,Concluído,Robson,14/01/25
488,Ferro da esta com o cabo solto ( Rose),14/01/25,Fran.Duarte,Acabamento,Elétrica,Concluído,Guilherme,14/01/25
489,AS PORTAS ESTÃO ENROSCANDO,15/01/25,FABIANA,ALMOXARIFADO,Civil,Concluído,Guilherme,16/01/25
490,Porta da sala raspando no chão,15/01/25,Thiago,Financeiro,Civil,Concluído,Guilherme,16/01/25
491,Virar mesa de enfesto e fazer instalação,15/01/25,Vini,Corte,Civil,Concluído,Guilherme,15/01/25
492,Quebrou mola da maquina de viés,15/01/25,Isis,Viés,Mecânica,Concluído,Robson,15/01/25
493,Retirar os plastisco da lapadas pois estão ressecados e ciando,15/01/25,Fran.Duarte,Produção,Elétrica,Concluído,Guilherme,16/01/25
494,Instalar mais uma tomada na mesa de enfesto dos fundos,16/01/25,Vini,Corte,Elétrica,Concluído,Guilherme,16/01/25
495,Acompanhar Engenheiro Ambiental em vistoria na filial,16/01/25,Jair,ADM,Instalação,Concluído,Robson,16/01/25
496,Instalar luminárias LED para a mesa de enfesto dos fundos,16/01/25,Vini,Corte,Elétrica,Concluído,Guilherme,20/01/25
497,Trocar lâmpada queimada em cima das mesas de enfesto,16/01/25,Vini,Corte,Elétrica,Concluído,Guilherme,20/01/25
498,Trocar lâmpadas queimadas,16/01/25,Robson,Revisão/Estoque tecido,Elétrica,Concluído,Guilherme,20/01/25
499,Verificar luminaria LED apagada no Acabamento,16/01/25,Robson,Acabamento,Elétrica,Concluído,Guilherme,16/01/25
500,Raspar pintura de extintor do piso e refazer ao lado conf orientação,16/01/25,Robson,Refeitório Filial,Civil,Concluído,Guilherme,24/01/25
501,Colocar fita de demarcação na area de descarte de papel e plastico,16/01/25,Robson,Filial,Civil,Concluído,Guilherme,24/01/25
502,Acompanhar preventiva nas Enfestadeiras,16/01/25,Robson,Corte,Mecânica,Concluído,Guilherme,16/01/25
503,Comprar e instalar ventilador de parede no e-comerce,17/01/25,Diego,e-comerce,Instalação,Concluído,Guilherme,23/01/25
504,Pintar o piso da nova sala de e-comerce,17/01/25,Diego,e-comerce,Civil,Concluído,Guilherme,20/01/25
505,Limpar sobre as prateleiras do estoque do e-comerce,17/01/25,Diego,e-comerce,Civil,Concluído,Guilherme,17/01/25
506,Fazer mureta na entrada da area de descanso para contenção de agua da chuva,17/01/25,Robson,Area de descanso,Civil,Concluído,Guilherme,20/01/25
507,Fazer mureta no fundo da area de descanso para contenção de agua da chuva,17/01/25,Robson,Area de descanso,Civil,Concluído,Guilherme,20/01/25
508,Colocar fita no telhado em local com goteira,17/01/25,Robson,Area de descanso,Civil,Concluído,Guilherme,24/01/25
509,Comprar ventilador de chão para uso na mesa da gerência,17/01/25,Isabela,Produção,Instalação,Concluído,Robson,nan
510,Retirar quadro branco da sala do Marketing e instalar no ecomerce,20/01/25,Diego,ecomerce,Instalação,Concluído,Guilherme,22/01/25
511,Instalar tranca com cadeado na porta dos fundos  da expedição play,20/01/25,Weder,expedição,Instalação,Concluído,Robson,nan
512,Fita enroscada na maquina de arquear,20/01/25,Vini,Corte,Mecânica,Concluído,Robson,20/01/25
513,verificar maquina de viés,20/01/25,Isis,Corte,Mecânica,Concluído,Robson,20/01/25
514,TRAZER PRATELEIRAS DO ESTOQUE TECIDO PARA ESTOQUE CORTE DE PILOTO,20/01/25,JANAINA,ENGENHARIA,Instalação,Concluído,Guilherme,24/01/25
515,Paleteira com defeito,21/01/25,David,estoque de tecido,Mecânica,Concluído,Guilherme,27/01/25
516,Colocar espelho cego na tomada proximo mesa do Nélio,21/01/25,Robson,Corte,Elétrica,Concluído,Guilherme,21/01/25
517,Instalar mais tres refletores do lado oposto da mesa do Edilson,22/01/25,Vini,Corte,Elétrica,Concluído,Guilherme,27/01/25
518,Instalar ganchos de parede em todos os extintores que estão no chão sem suporte,22/01/25,Jair,Matriz ,Instalação,Concluído,Guilherme,22/01/25
519,Curto circuito na ADM,22/01/25,Rafael,Matriz,Elétrica,Concluído,Robson,22/01/25
520,Limpar area do ecomerce,22/01/25,Diego,e-commerce,Instalação,Concluído,Guilherme,24/01/25
521,Trocar lampada queimada,23/01/25,Fran.Duarte,Pilotagem,Elétrica,Concluído,Guilherme,24/01/25
522,Retirar madeira debaixo da mesa de corte de Ribana,23/01/25,Vinicius Meli,Corte,Instalação,Concluído,Guilherme,27/01/25
523,Instalar fechadura eletronica na sala do e-commerce,23/01/25,Diego,ecomece,Instalação,Concluído,Guilherme,27/01/25
524,Melhorar a fixação do batente da porta do almoxarifado do ecomerce,23/01/25,Diego,ecomece,Civil,Concluído,Guilherme,24/01/25
525,Instalar pelicula branca no vidro da sala do ecomerce,23/01/25,Diego,ecomece,Instalação,Concluído,Robson,07/02/25
526,Instalar maquina de contar Kits em novo local,24/01/25,Pedro,Revisão,Instalação,Concluído,Guilherme,24/01/25
527,Remover tubulação e  torneira desativadas do setor,24/01/25,Pedro,Revisão,Civil,Concluído,Guilherme,nan
528,Adequar a abertura no guarda da escada externa entre barracões 2 e 3,24/01/25,Robson,SCI,Instalação,Concluído,Robson,25/02/25
529,Instalar corrimão em ambos os lados na escada externa entre os barracões 2 e 3,24/01/25,Robson,SCI,Instalação,Concluído,Robson,25/02/25
530,Adequar iluminações de emergência da Expedição (faltam em alguns pontos),24/01/25,Robson,SCI,Instalação,Concluído,Robson,nan
531,Adequar sinalizações de emergencia da Expedição  (faltam em alguns pontos),24/01/25,Robson,SCI,Instalação,Concluído,Robson,nan
532,Adequar instalação dos extintores na Expedição  (alguns extintores estão alocado diretamente no chão),24/01/25,Robson,SCI,Instalação,Concluído,Robson,24/02/25
533,Adequar instalação de toda sinalização de emergência na Expedição Play,24/01/25,Robson,SCI,Instalação,Concluído,Robson,24/02/25
534,Adequar abertura das saídas de emergência interna na Expedição Play,24/01/25,Robson,SCI,Instalação,Concluído,Robson,24/02/25
535,Adequar largura da escada lateral de ferro do barracão Expedição Play,24/01/25,Robson,SCI,Civil,Pausado,Robson,nan
536,Adequar rebaixamento de teto e rota de fuga na Expedição,24/01/25,Robson,SCI,Instalação,Concluído,Robson,24/02/25
537,Adequar sinalização em solo das medidas de prevenção Expedição Play,24/01/25,Robson,SCI,Instalação,Concluído,Robson,24/01/25
538,Adequar sinalizações de emergencia na Expedição Play não previsto entre prateleiras e o carga/descarga,24/01/25,Robson,SCI,Instalação,Concluído,Robson,24/01/25
539,Adequar sinalizações de emergencia das medidas de prevenção na Expedição Play,24/01/25,Robson,SCI,Instalação,Concluído,Robson,03/03/25
540,Adequar sinalização de emergencia em todo barracão do estoque da rua Antonio Capello,24/01/25,Robson,SCI,Instalação,Concluído,Robson,21/02/25
541,Adequar iluminações de emergencia em todo barracão do estoque na rua Antonio Capello,24/01/25,Robson,SCI,Instalação,Concluído,Guilherme,04/03/25
542,Adequar seinalização de emergencia na ADM do estoque na rua Antonio Capello,24/01/25,Robson,SCI,Instalação,Concluído,Robson,21/02/25
543,Adequar iluminação de emergencia na ADM do Estoque na rua Antonio Capello,24/01/25,Robson,SCI,Instalação,Concluído,Guilherme,07/03/25
544,Adequar altura do primeiro degrau (espelho) da escadaria metalica da recepção,24/01/25,Robson,SCI,Instalação,Pausado,nan,nan
545,Adequar toda sinalização de emergência do setor kids/Play,24/01/25,Robson,SCI,Instalação,Concluído,Robson,nan
546,Retirar placa de sinalização tipo Saida da parte externa a entrada do mezanino do setor e Corte,24/01/25,Robson,SCI,Instalação,Concluído,Robson,24/01/25
547,Adequar sentido das placas de sinalização do setor Corte,24/01/25,Robson,SCI,Instalação,Concluído,Robson,18/02/25
548,Adequar quantidade de mangueiras em abrigo do hidrante h-01b,24/01/25,Robson,SCI,Instalação,Concluído,Robson,24/01/25
549,Adequar instalação botoeira no mezanino do Corte e superior do Estoque na Antonio Capello,24/01/25,Robson,SCI,Instalação,Concluído,Robson,10/03/25
550,Adequar carga extintora no mezanino que atendam as classe ABC,24/01/25,Robson,SCI,Instalação,Concluído,Robson,19/02/25
551,Instalar sinalização de emergencia no Reciclaveis,24/01/25,Robson,SCI,Instalação,Concluído,Robson,19/02/25
552,Instalar iluminação de emergencia no Reciclaveis,24/01/25,Robson,SCI,Instalação,Concluído,Guilherme,10/03/25
553,Instalar extintores de incendio no setor Estoque de tecidos,24/01/25,Robson,SCI,Instalação,Concluído,Robson,nan
554,Instalar iluminações de emergencia no setor Estoque de tecidos,24/01/25,Robson,SCI,Instalação,Concluído,Guilherme,25/02/25
555,Instalar sinalizações de emergencia no setor Estoque de tecidos,24/01/25,Robson,SCI,Instalação,Concluído,Robson,19/02/25
556,Adequar escada de acesso do setor Corte para deposito da rua Antonio Capello,24/01/25,Robson,SCI,Instalação,Pausado,nan,nan
557,Adequar iluminações de emergencia no depósoito da rua Antonio capello,24/01/25,Robson,SCI,Instalação,Concluído,Guilherme,04/03/25
558,Adequar sinalizações de emergencia de prevenção no depósito da Antonio Capello,24/01/25,Robson,SCI,Instalação,Concluído,Robson,21/02/25
559,Adequar extintores de incendio no deposito da rua Antonio Capello,24/01/25,Robson,SCI,Instalação,Concluído,Robson,nan
560,Localizar e sinalizar ligação independente das bombas de incendio,24/01/25,Robson,SCI,Instalação,Concluído,Robson,06/03/25
561,PORTA NÃO ESTA FECHANDO,24/01/25,FABIANA,FILIAL,Civil,Concluído,Robson,28/01/25
562,Desconectar a amquina de desfiar gola uma vai ser enviada para a facção de Ebema,27/01/25,Fran. Duarte,FILIAL,Elétrica,Concluído,Guilherme,27/01/25
563,Maquina grande de fusionagem não esta aquecendo a temperatura ,27/01/25,Fran. Duarte,FILIAL,Elétrica,Concluído,Robson,28/01/25
564,Verificar ar condicionado de compras não está esfriando,27/01/25,Leilane,Compras,Refrigeração,Concluído,Robson,28/01/25
565,Aplicar demão de tinta branca no piso do estúdio,27/01/25,Maitê,Estúdio,Civil,Concluído,Guilherme,29/01/25
566,Ar condicionado da sala de reunião da ADM está estralando,28/01/25,Diego,ADM,Mecânica,Concluído,Robson,30/01/25
567,Manutenção ar - cheirando mofo,28/01/25,Guilherme,Controladoria,Refrigeração,Concluído,Guilherme,29/01/25
568,Pintar a escada de acesso ao refeitório,28/01/25,Guilherme,Manutenção,Civil,Concluído,Guilherme,28/03/25
569,Pintar demarcação de extintores e hidrantes na ADM T.I e Recepção,28/01/25,Robson,ADM,Civil,Concluído,Guilherme,04/02/25
570,Pintar demarcação de hidrante na Expedição,28/01/25,Robson,Expedição,Civil,Concluído,Guilherme,30/01/25
571,Instalar placa de sinalização de alarme no local correto - Expedição,28/01/25,Robson,Expedição,Civil,Concluído,Robson,05/02/25
572,MANGUEIRA DE AR,29/01/25,FABIANA,ALMOXARIFADO,Mecânica,Concluído,Guilherme,29/01/25
573,Remover instalação eletrica e de incêndio para remoção do portão,29/01/25,Robson,Expedição,Instalação,Concluído,Guilherme,30/01/25
574,Instalar extintor na parede,30/01/25,Robson,Revisão de tecido,Instalação,Concluído,Guilherme,03/02/25
575,Construir dois carrinhos de transporte para o setor,30/01/25,Nelio,Corte,Instalação,Concluído,Robson,06/02/25
576,Subir a caixa da caldeira para unidade da Capelo para coleta ,30/01/25,Fran.Duarte,Produção,Instalação,Concluído,Robson,30/01/25
577,trocar  lampada sala engenharia,31/01/25,janaina,engenharia,Elétrica,Concluído,Guilherme,04/02/25
578,Verificar enfesto de ribana maquina desregulada,31/01/25,Vini,Corte,Mecânica,Concluído,Robson,31/01/25
579,Verificar tomada do computador com interferência,31/01/25,tatiana,RH,Elétrica,Concluído,Robson,31/01/25
580,Maquina de peitiho travou ,31/01/25,Fran.Duarte,Produção,Mecânica,Concluído,Guilherme,04/02/25
581,Adequar rampa no portão social da matriz conforme norma,03/02/25,Robson,SCI,Instalação,Pausado,nan,nan
582,Fazer guarda corpo com corrimão no portão social da matriz conforme norma,03/02/25,Robson,SCI,Instalação,Pausado,nan,nan
583,Defeito na máquina de viés,03/02/25,Vini,Corte,Mecânica,Concluído,Robson,03/02/25
584,Pintar demarcação de extintor na area de descanso,03/02/25,Robson,Matriz,Civil,Concluído,Guilherme,03/02/25
585,Pintar demarcação de extintor na sala do laboratório,03/02/25,Robson,Matriz,Civil,Concluído,Guilherme,03/02/25
586,Verificar ar condicionado controladoria não está gelando,03/02/25,Gustavo,Matriz,Mecânica,Concluído,Robson,10/02/25
587,Comprar cola e pincel para campanha interna,03/02/25,Maitê,Marketing,Civil,Concluído,Guilherme,03/02/25
588,Aumentar a mesa do CD,03/02/25,Fran.Duarte,Filial,Instalação,Concluído,Robson,nan
589,Retirar fita amarela antiga (apenas do corredor do meio as laterais pode manter),04/02/25,Nélio/Isabela,Corte,Civil,Concluído,Guilherme,18/03/25
590,Esteira na parte de baixo esta um pouco froxa,04/02/25,Fran.Duarte,Filial,Mecânica,Concluído,Guilherme,04/02/25
591,Pintar demarcação de extintor no Corte e fixar extintor na parede,04/02/25,Robson,Matriz,Civil,Concluído,Guilherme,04/02/25
592,Pintar demarcação de extintor no depósito de tecido lateral ao Corte e fixar extintor na parede,04/02/25,Robson,Matriz,Civil,Concluído,Guilherme,04/02/25
593,No muro externo fixar o número do endereço (890),04/02/25,Weder,Expedição,Civil,Concluído,Guilherme,19/02/25
594,Trocar rodizios do carrinho de trsnporte do setor,04/02/25,Joelson,Corte,Mecânica,Concluído,Robson,18/02/25
595,Vazamento de agua do telhado do refeitório,04/02/25,Janaina,Filial,Civil,Concluído,Robson,19/02/25
596,Ar condicionado não esfria,05/02/25,Tatiana,RH,Refrigeração,Concluído,Robson,10/02/25
597,Corrigir goteira no telhado da área de descanço,05/02/25,Robson,Matriz,Civil,Concluído,Guilherme,12/02/25
598,Colocar na parede dois quadros brancos.,05/02/25,Nélio/Isabela,Corte,Civil,Concluído,Guilherme,17/02/25
599,Instalar luminarias de emergência e placas de sinalização,05/02/25,Robson,Expedição Play,Civil,Concluído,Guilherme,03/03/25
600,Movimentar mesa do antigo showroom para a sala do Marketing,05/02/25,Allan,ADM,Instalação,Concluído,Robson,05/02/25
601,Movimentar a mesa da Diretoria para a antiga sala do showroom,05/02/25,Allan,ADM,Instalação,Concluído,Robson,05/02/25
602,Movimentar a poltrona do Estúdio para a antiga sala do showrrom,05/02/25,Allan,ADM,Instalação,Concluído,Robson,06/02/25
603,Lampada queimada no setor pilotagem,06/02/25,Fran.Duarte,Pilotagem,Elétrica,Concluído,Guilherme,14/02/25
604,Decer o chicote de luz de dentro do perfilado em cima da maquina de caseado,06/02/25,Fran.Duarte,Pilotagem,Mecânica,Concluído,Guilherme,14/02/25
605,fazer a retirada do pistão que estourou a borracha,06/02/25,Fran.Duarte,Cd,Mecânica,Concluído,Robson,07/02/25
606,Instalar luzes de emergencia e placas de sinalização,06/02/25,Robson,Estúdio,Instalação,Concluído,Guilherme,06/02/25
607,colocar tampa de madeira nos dois carrinhos novos do corte,06/02/25,Nélio/Isabela,Corte,Instalação,Concluído,Guilherme,20/02/25
608,URGENTE Instalar programador horario na tomada da máquina de café da cozinha,06/02/25,Robson,Matriz,Instalação,Concluído,Robson,nan
609,Trocar lampadas queimadas nos banheiros abaixo do Refeitório,06/02/25,Robson,Matriz,Elétrica,Concluído,Robson,12/02/25
610,Trocar lampadas queimadas no estoque ao lado do Corte,06/02/25,David,Estoque de Tecido,Elétrica,Concluído,Guilherme,17/02/25
611,Verificar torneira quebrada na pia do banheiro feminino abaixo do Refeitório,06/02/25,Rose,Matriz,Hidráulica,Concluído,Guilherme,14/02/25
612,Trocar lâmpada queimada no corredor da T.I. atrás da recepção,06/02/25,Robson,Matriz,Elétrica,Concluído,Robson,12/02/25
613,Fazer limpeza no depósito de resíduos,06/02/25,Joelson,Matriz,Civil,Concluído,Robson,nan
614,Comprar correias reserva para enfestadeiras,06/02/25,Robson,Corte,Instalação,Concluído,Robson,06/02/25
615,Maquina de peitilho travou,07/02/25,Fran,CD ,Mecânica,Concluído,Guilherme,14/02/25
616,Repintar piso da sala,07/02/25,Diego,e-commerce,Civil,Concluído,Guilherme,24/02/25
617,Comprar trenas para o setor de Corte,07/02/25,Joelson,Corte,Instalação,Concluído,Robson,13/02/25
618,chegou o cilindro da maquina de fusionagem,10/02/25,Fran.Duarte,Cd,Mecânica,Concluído,Robson,12/02/25
619,lampada esta dando choque maquina Regiane ,11/02/25,Fran.Duarte,Acabamento,Elétrica,Concluído,Guilherme,14/02/25
620,lampada fa maquina reta Geovane esta descolado,11/02/25,Fran.Duarte,Acabamento,Elétrica,Concluído,Guilherme,14/02/25
621,Pintar demarcação de extintores no refeitório,11/02/25,Robson,Matriz,Civil,Concluído,Robson,13/02/25
622,Instalar placa de saída na porta da cozinha,11/02/25,Robson,Matriz,Civil,Concluído,Robson,12/02/25
623,Fixar luminaria solta no lado de fora do refeitório,11/02/25,Robson,Matriz,Instalação,Concluído,Guilherme,14/02/25
624,Revisar fixação das luminarias da Expedição algumas estão soltas,11/02/25,Robson,Expedição   ,Instalação,Concluído,Robson,12/02/25
625,Fixar c/ parafusos todas as capas sobre as prateleiras,11/02/25,Weder,Expedição,Instalação,Concluído,Guilherme,18/03/25
626,Ligar ventilador da porta de entrada lado esquerdo em tomada 220V,11/02/25,Weder,Expedição,Elétrica,Concluído,Robson,12/02/25
627,Instalar placa de saída e luminaria de emergencia na sala de reuniões terreo,11/02/25,Robson,Matriz,Instalação,Concluído,Guilherme,05/03/25
628,Melhorar instalação de tomada em mesa da Expedição,11/02/25,Weder,Expedição,Instalação,Pendente,nan,nan
629,Instalar tomada para cabo de rede,11/02/25,Thiago,Financeiro,Instalação,Concluído,Robson,nan
630,Limpar e organizar casa de bombas de incêndio do Corte,12/02/25,Robson,Matriz,Civil,Concluído,Guilherme,19/02/25
631,Limpar e organizar casa de bombas de incêndio da Expedição Play,12/02/25,Robson,Matriz,Civil,Concluído,Guilherme,20/02/25
632,Pintar demarcação de extintor na sala de modelagem,12/02/25,Robson,Modelagem,Civil,Concluído,Guilherme,13/02/25
633,Transferir mesa e acessórios para a filial e fazer infra de tomada eletrica,12/02/25,Nélio/Isabela,Filial,Instalação,Concluído,Robson,12/02/25
634,Pintar demarcação de extintor na area de resíduos,13/02/25,Robson,Matriz,Civil,Concluído,Guilherme,13/02/25
635,Ar condicionada da sala não funciona,13/02/25,Alan,Diretoria,Refrigeração,Concluído,Robson,13/02/25
636,Programar controle remoto dos portões,13/02/25,Rafael,Diretoria,Elétrica,Concluído,Robson,14/02/25
637,Goteiras na Copa da ADM,14/02/25,Tatiane,ADM,Civil,Concluído,Guilherme,26/02/25
638,Fazer limpeza semestral dos reservatórios de água matriz/filial,14/02/25,Robson,Matriz  ,Civil,Concluído,Robson,27/02/25
639,Enfestadeira 1 escapando correia,17/02/25,Vini,Corte,Mecânica,Concluído,Robson,17/02/25
640,Pintar demarcação de extintor no piso do setor,17/02/25,Robson,Corte,Civil,Concluído,Guilherme,14/02/25
641,Climatizador parou de funcionar,17/02/25,Mayco,Estamparia,Elétrica,Concluído,Robson,18/02/25
642,Mangueira de ar da maquina do termocolante furada ,18/02/25,Fran.Duarte,Acabamento,Mecânica,Concluído,Guilherme,18/02/25
643,Trocar rodizios do carrinho de sacos,18/02/25,Nélio/Isabela,Corte,Mecânica,Concluído,Robson,18/02/25
644,Remover quadro instalado na parede e instalr em outro local,18/02/25,Joelson,Corte,Instalação,Concluído,Robson,19/02/25
645,Aumentar o fundo infinito do estúdio em 2.4m,18/02/25,Maitê,Marketing,Civil,Concluído,Robson,07/03/25
646,Comprar balde de 100 litros,19/02/25,Cléo,CD,Instalação,Concluído,Guilherme,19/02/25
647,Fazer reparo de goterias sob a Copa e salas administrativas,19/02/25,Jair,ADM,Civil,Concluído,Guilherme,26/02/25
648,Construir passarela de madeira para manutenções no telhado da ADM,19/02/25,Robson,Matriz,Civil,Concluído,Guilherme,26/02/25
649,Limpar a calha do telhado sobre o refeitório,19/02/25,Jair,Filial,Civil,Concluído,Robson,26/02/25
650,Pintar demarcação de extintor ao lado da sala de viés,20/02/25,Robson,Corte,Civil,Concluído,Guilherme,20/02/25
651,Pintar demarcação de extintor na sala de bomba do barracão Corte,20/02/25,Robson,Corte,Civil,Concluído,Guilherme,20/02/25
652,Luminária amarrada com fita,21/02/25,Nélio  ,Acabamento,Elétrica,Concluído,Guilherme,21/02/25
653,Luz esta piscando  eesta encomodando,21/02/25,Fran.Duarte,Pilotagem,Elétrica,Concluído,Guilherme,24/02/25
654,Colocar a fita amarela na borda da mesas do bipe,21/02/25,Fran.Duarte,Acabamento,Instalação,Concluído,Guilherme,24/02/25
655,Vazamento de água no vaso do banheiro feminino do Corte,21/02/25,Gleice,Corte,Hidráulica,Concluído,Guilherme,24/02/25
656,Maquina de enfesto travada ,24/02/25,Edilson,Corte,Mecânica,Concluído,Robson,24/02/25
657,Maquina de viés disparando e mola quebrada,24/02/25,Joelson,Corte,Elétrica,Concluído,Robson,24/02/25
658,maquina de termo colante nao esta aquecendo as duas partes,25/02/25,Fran.Duarte,Filial,Elétrica,Concluído,Robson,03/03/25
659,Trocar cabo de aço do elevador da Expedição Play,26/02/25,Weder,Expedição Play,Mecânica,Concluído,Robson,26/02/25
660,Trocar a luzinha queimou da maquina reta da Geovane,27/02/25,Fran.Duarte,Acabamento,Elétrica,Concluído,Guilherme,27/02/25
661,Chaleira elétrica queimou,27/02/25,Jô,Cozinha,Elétrica,Concluído,Robson,28/02/25
662,Caixa eletrica amarrada com fita ,27/02/25,Dani,Corte,Elétrica,Concluído,Robson,27/02/25
663,Caixa septica está vazando ,27/02/25,Fran.Duarte,Manutenção,Hidráulica,Concluído,Guilherme,27/02/25
664,Instalar ventilador de parede,28/02/25,Robson,Revisão de tecido,Instalação,Concluído,Guilherme,03/03/25
665,Pintar o piso do fundo infinito,28/02/25,Maitê,Estúdio,Civil,Concluído,Guilherme,11/03/25
666,Trocar lampada queimada na sala ,28/02/25,Weder,Expedição ,Elétrica,Concluído,Guilherme,18/03/25
667,Trocar lampada queimada no banheiro feminino,28/02/25,Val,Filial,Elétrica,Concluído,Guilherme,18/03/25
668,Torneiras com defeito no banheiro feminino,28/02/25,Aline,Filial,Hidráulica,Concluído,Guilherme,04/03/25
669,Ar condicionado não está gelando,28/02/25,Thiago,Financeiro,Refrigeração,Concluído,Robson,10/03/25
670,maquina de termo colante nao esta aquecendo as duas partes,03/03/25,Fran.Duarte,Acabamento,Elétrica,Concluído,Robson,03/03/25
671,Limparbebedouros para troca de filtros,03/03/25,Cilene,filial e matriz,Hidráulica,Concluído,Guilherme,05/03/25
672,Troca do cilindro que chegou da maqpol ,03/03/25,Fran.Duarte,CD,Mecânica,Concluído,Guilherme,06/03/25
673,Lampada piscando,03/03/25,Estanlei,RH,Elétrica,Concluído,Guilherme,03/03/25
674,Instalar Luminárias de emergência,04/03/25,Robson,Estoque de Tecidos,Elétrica,Concluído,Guilherme,04/03/25
675,Instalar Luminárias de emergência,04/03/25,Robson,Laboratório de Qualidade,Elétrica,Concluído,Guilherme,10/03/25
676,Trocar peças da máquina de viés,05/03/25,Joelson,Corte,Mecânica,Concluído,Robson,01/04/2025
677,Instalar um ventilador de parede no estoque de tecidos,05/03/25,Joelson,Estoque de Tec idos,Instalação,Concluído,Guilherme,06/03/25
678,Instalar um ventilador de parede no Acabamento,05/03/25,Nélio  ,Acabamento,Instalação,Concluído,Guilherme,05/03/25
679,Instalar dois ventiladores de parede na Estamparia,05/03/25,Renato Silva,Estamparia,Instalação,Concluído,Guilherme,12/03/25
680,Trocar fechadura quebrada na porta do setor,05/03/25,Weder,Expedição Play,Civil,Concluído,Robson,11/03/25
681,Trocar fechadura quebrada na porta do setor,05/03/25,Diego,e-Commerce,Civil,Concluído,Robson,10/03/25
682,Adequar tubulação elétrica da porta de saída está solta e caindo,05/03/25,Welder,Expedição,Elétrica,Pendente,nan,nan
683,Trocar lâmpada queimada em cima da mesa de enfesto,05/03/25,Joelson,Corte,Elétrica,Concluído,Guilherme,12/03/25
684,Identificar as tubulações e quadro eletrico das bombas de incêndio,05/03/25,Robson,Matriz,Instalação,Concluído,Robson,06/03/25
685,Remover tubulação eletrica da parede do estúdio para aumento do funco infinito,06/03/25,Maitê,Estúdio,Instalação,Concluído,Guilherme,06/03/25
686,A dobradiça da porta do Marketing está solta dificuldade para fechar a porta,06/03/25,Junior,Marketing,Civil,Concluído,Guilherme,10/03/25
687,2 cadeiras quebrou no acabamento,06/03/25,Fran.Duarte,Acabamento,Civil,Concluído,Guilherme,12/03/25
688,Instalar luminaria de emergencia frente aos banheiros,06/03/25,Robson,Corte,Instalação,Concluído,Guilherme,10/03/25
689,Destravar a maquina do peitilho,06/03/25,Fran.Duarte,CD,Elétrica,Concluído,Guilherme,06/03/25
690,Baixar o plug do ventilador do acabamento colocar um poucao mais baixo,06/03/25,Fran.Duarte,Acabamento,Instalação,Concluído,Guilherme,10/03/25
691,Ventilador do tag cheirando queimado,06/03/25,Fran.Duarte,Acabamento,Elétrica,Concluído,Guilherme,10/03/25
692,Mudar tubulação eletrica da parede de local,07/03/25,Robson,Estúdio,Instalação,Concluído,Guilherme,07/03/25
693,Maquina de fusionar não esta ligando o painel,10/03/25,Fran.Duarte,CD,Elétrica,Concluído,Guilherme,10/03/25
694,Adequadar acionador de alarme no Corte,10/03/25,Robson,Corte,Instalação,Concluído,Robson,10/03/25
695,Trocar fechadura quebrada na porta dos fundos da expedição play,10/03/25,Robson,Expedição Play,Civil,Concluído,Robson,11/03/25
696,Torneira solta no banheiro feminino,10/03/25,Robson,Filial,Hidráulica,Concluído,Guilherme,10/03/25
697,Reativar torneira do meio do banheiro feminino,10/03/25,Robson,Filial,Hidráulica,Concluído,Guilherme,10/03/25
698,Remover os cartazes da parede no corredor lateral entre o Corte e a Expedição Play,10/03/25,Flavio,Marketing,Civil,Concluído,Guilherme,11/03/25
699,Ar condicionado não está gelando,10/03/25,Allan,Diretoria,Refrigeração,Concluído,Robson,10/03/25
700,Lampada queimou perto da Celia,11/03/25,Fran.Duarte,Pilotagem,Elétrica,Concluído,Guilherme,12/03/25
701,Portão principal com defeito não abre ou fecha,11/03/25,Rafael,Matriz,Elétrica,Concluído,Robson,11/03/25
702,Instalar interfone na Revisão de Tecidos,11/03/25,Umberto,Revisão,Instalação,Pausado,Robson,nan
703,instalar tampo de madeira em carrinho,11/03/25,Nélio/Isabela,Corte,Mecânica,Concluído,Guilherme,12/03/25
704,instalar ventilador no e-commerce,12/03/25,Diogo,E-commerce,Instalação,Concluído,Guilherme,12/03/25
705,Instalar Flip Chart,12/03/25,Flavio,Marketing,Instalação,Concluído,Robson,13/03/25
706,Orçar modificação de corrimão no mesanino,12/03/25,Joelson,Depósito Tecidos,Instalação,Concluído,Robson,18/03/25
707,maquina de contar kit não funciona,12/03/25,Fran Aguiar,Revisão,Elétrica,Concluído,Robson,13/03/25
708,Trocar a Luz em cima da mesa que destaca e refila a gola,13/03/25,Fran.Duarte,Cd,Elétrica,Concluído,Guilherme,13/03/25
709,Pintar parede lateral,13/03/25,Diego,Estúdio,Civil,Concluído,Guilherme,18/03/25
710,Adequar instalação eletrica da parede lateral,13/03/25,Robson,Estúdio,Elétrica,Concluído,Guilherme,13/03/25
711,Cortar tubos de papelão com 1.5m,13/03/25,Fabiano,Estilo,Civil,Concluído,Guilherme,13/03/25
712,Colocar quadro branco na parede da Revisão,13/03/25,Isabela,Processos,Instalação,Concluído,Guilherme,13/03/25
713,Remanejar tubulação eletrica e instalar três tomadas ,17/03/25,Robson,Estúdio,Elétrica,Concluído,Guilherme,17/03/25
714,Trocar duas lampadas queimadas,17/03/25,Gabriel,Estoque Tecidos,Elétrica,Concluído,Robson,17/03/25
715,Consertar chave quebrada da pickup,17/03/25,Jonatas,Filial,Instalação,Concluído,Robson,17/02/25
716,Trocar cremalheira quebrada do portão principal,17/03/25,Robson,Expedição ,Mecânica,Concluído,Guilherme,18/03/25
717,Descartar paletes quebrados,18/03/25,Robson,Expedição ,Instalação,Concluído,Guilherme,24/03/25
718,Descartar paletes quebrados,18/03/25,Robson,Estoque de Tecidos,Instalação,Concluído,Guilherme,18/03/25
719,Ligar água do bebedouro do refeitório,18/03/25,Robson,Refeitório,Hidráulica,Concluído,Guilherme,20/03/25
720,Maquina de amarrar pacote,18/03/25,Joelson,Corte,Mecânica,Concluído,Robson,18/03/25
721,Pintar escada do estacionamento que da acesso a Expedição,19/03/25,Robson,Matriz,Civil,Concluído,Guilherme,19/03/25
722,Pintar parede do corredor onde foi fixado cartazes,19/03/25,Robson,Matriz,Civil,Concluído,Guilherme,20/03/25
723,Trocar lampada queimada,19/03/25,Robson,Marketing,Elétrica,Concluído,Guilherme,19/03/25
724,Portão do Corte travado não abre,19/03/25,Joelson,Corte,Mecânica,Concluído,Robson,19/03/25
725,Quebrou alavanca do motor do portão e o portão está travado,19/03/25,Weder,Expedição ,Mecânica,Concluído,Guilherme,nan
726,Lampada piscando no banheiro feminino,19/03/25,Val,Filial,Elétrica,Concluído,Guilherme,21/03/25
727,Instalar cabo de rede no Estúdio,20/03/25,Juliano,Estúdio,Instalação,Concluído,Guilherme,20/03/25
728,Pintar parede do corredor da area de descanso,20/03/25,Renato,Matriz,Civil,Concluído,Guilherme,nan
729,Pintar parede da area de descanso,20/03/25,Renato,Matriz,Civil,Concluído,Guilherme,27/03/25
730,Pintar piso do corredor da are de descanso,20/03/25,Renato,Matriz,Civil,Pendente,nan,nan
731,Pintar piso da área de descanso,20/03/25,Renato,Matriz,Civil,Concluído,Guilherme,nan
732,Trocar torneira da pia da Copa da ADM,20/03/25,Renato,Matriz,Civil,Concluído,Guilherme,28/03/25
733,Trocar torneiras do banheiro masculino da Matriz,20/03/25,Renato,Matriz,Civil,Concluído,Guilherme,28/03/25
734,Trocar torneiras do banheiro feminino da Matriz,20/03/25,Renato,Matriz,Hidráulica,Concluído,Guilherme,28/03/2025
735,Instalar sensor de presença na iluminação da copa da ADM,20/03/25,Renato,Matriz,Elétrica,Concluído,Robson,02/04/2025
736,Instalar sensor de presença na iluminação da área de convivencia,20/03/25,Renato,Matriz,,Pausado,Robson,nan
737,Instalar sensor de presença corredor da sala de T.I.,20/03/25,Renato,Matriz,Elétrica,Concluído,Robson,02/04/2025
738,Fazer acabamento na nova parede de gesso,21/03/25,Maitê,Estudio,Civil,Concluído,Guilherme,21/03/25
739,Colacar uma manqueira  de ar ,24/03/25,Fran.Duarte,Pilotagem / corte / Filial,Mecânica,Concluído,Guilherme,28/03/25
740,Trocar a Luz queimou,24/03/25,Fran.Duarte,Sala produção,Elétrica,Concluído,Guilherme,24/03/25
741,Trocar aluz do banheiro que foi substituida e fica piscando,24/03/25,Fran.Duarte,FILIAL / BANHEIRO,Elétrica,Concluído,Guilherme,24/03/25
742,Instalar caldeira que voltou do conserto,25/03/25,Fran.Duarte,Filial  ,Instalação,Concluído,Robson,24/03/25
743,fechadura da porta nao funciona,25/03/2025,Tati,RH,Civil,Concluído,Robson,26/03/25
744,Construir armadilha para gatos,28/03/2025,Robson,Matriz,Instalação,Concluído,Guilherme,28/03/2025
745,trocar tampas quebradas de dois vasos sanitarios banheiro feminino,28/03/2025,Robson,Filial,Civil,Concluído,Guilherme,28/03/2025
746,levar máquina de arquear para conserto externo,28/03/2025,Robson,Corte,Instalação,Concluído,Guilherme,28/03/2025
747,Buscar no depósito cinco tabuas para o estoque de tecidos,28/03/2025,Robson,Depósoito de Tecidos,Civil,Concluído,Guilherme,28/03/2025
748,Desenvolver suporte de tablet para carrinhos,28/03/2025,Weder,Expedição,Instalação,Pendente,nan,nan
749,Máquinas de costura dando choque,28/03/2025,Fran Duarte,Acabamento,Elétrica,Concluído,Guilherme,28/03/2025
750,Lâmpada queimada em uma máquina de costura,28/03/2025,Fran Duarte,Acabamento,Elétrica,Concluído,Guilherme,28/03/2025
751,Trocar lampadas queimadas no setor,28/03/2025,Robson,Corte,Elétrica,Concluído,Guilherme,01/04/2025
752,Trocar lâmpada queimada atras da Delta,28/03/2025,Robson,Revisão de tecidos,Elétrica,Concluído,Guilherme,02/04/2025
753,Levar outra máquina de arquear para conserto e trazer primeira maquina revisada,28/03/2025,Robson,Corte,Mecânica,Concluído,Guilherme,31/03/2025
754,Vazamento de água no banheiro feminino do refeitório,28/03/2025,Tati,Matriz,Hidráulica,Concluído,Guilherme,nan
755,Trocar mangueiras das pias do banheiro feminino do refeitório devido vazamentos,31/03/2025,Robson,Matriz,Hidráulica,Concluído,Guilherme,31/03/2025
756,Verificar luz que está falhando e com barulho de curto,31/03/2025,Weslley,PPCP,Elétrica,Concluído,Guilherme,nan
757,Fechadura da porta da sala da Controladoria não abre ,31/03/2025,Guilherme ,Controladoria,Civil,Concluído,Robson,31/03/2025
758,Teste,31/03/2025,Robson,Manutenção,Instalação,Concluído,Robson,31/03/2025
759,Teste 2,31/03/2025,Robson,Manutenção,Instalação,Concluído,Robson,31/03/2025
760,"Bom dia
Ferro de passar  desencaixou da base solocito o encaixe aparelho funcionando",01/04/2025,Fran ,Qualidade,Elétrica,Concluído,Robson,01/04/2025
761,Arrumar lâmpada da sala do marketing que fica piscando o tempo todo ,01/04/2025,Diego,Sala do Marketing - Matriz,Elétrica,Concluído,Guilherme,01/04/2025
762,"substituição do tampo da mesa de corte da pilotagem.
tamanho: 6m x2,40 x 0,02m",01/04/2025,Janaina,corte de piloto,Instalação,Em execução,Robson,nan
763,Colar  lâmpada da reta,01/04/2025,Lucia,Costura interna ,Elétrica,Concluído,Guilherme,03/04/2025
764,Escapando correia da Enfestadeira 1,01/04/2025,Adilson,Corte,Mecânica,Concluído,Robson,01/04/2025
765,Orçar retirar  caixa dágua de 10.000 litros de dentro do barracão.,02/04/2025,Rafael,Filial,Instalação,Em execução,Robson,nan
766,Pintar de amarelo corrimão do mesanino do Estoque de Tecidos,02/04/2025,Robson,Estoque de Tecidos,,Pendente,nan,nan
767,Trocar assentos dos vazos do banheiro Masculino do Corte,02/04/2025,Juliana,Corte,Civil,Concluído,Guilherme,03/04/2025
768,Vazamento de água no banheiro feminino do Corte molhando o chão,02/04/2025,Juliana,Corte,Hidráulica,Concluído,Guilherme,03/04/2025
769,Trocar assento do vaso sanitário do banheiro feminino da ADM (superior),02/04/2025,Gleice,ADM,Civil,Concluído,Guilherme,03/04/2025
770,Instalar três tomadas na sala do Marketing,02/04/2025,Flávio,Marketing,Elétrica,Concluído,Guilherme,03/04/2025
771,Instalar quadro na parede da sala,02/04/2025,Flavio,Marketing,Instalação,Concluído,Guilherme,03/04/2025
772,Trocar lampada queimada no banheiro feminino do refeitório,02/04/2025,Josiane,area de descanso,Elétrica,Concluído,Guilherme,03/04/2025
773,Assento quebrado no vaso sanitário do banheiro feminino embaixo do refeitório,02/04/2025,Josiane,Area de descanso,Civil,Concluído,Guilherme,03/04/2025
774,Adaptar mesa para suporte de balança,03/04/2025,Joelson,Corte,Instalação,Concluído,Guilherme,03/04/2025
775,Transformar mesa em carrinho para suportar tablet e teclado,03/04/2025,Joelson,Corte,,Pendente,nan,nan
776,Fazer furo para passagem de cabos de computador em mesa do Corte,03/04/2025,Joelson,Corte,Instalação,Concluído,Guilherme,04/04/2025
777,"Guardar na manutenção chapas de madeirite, proteger de água pois serão utilizadas",03/04/2025,Joelson,Estoque de Tecidos,Civil,Concluído,Robson,03/04/2025
778,Orçar cobertura na porta da area de descanso,03/04/2025,Robson,Matriz,Instalação,Em execução,Robson,nan
779,Desentupir tubulação de água pluvial no pátio,03/04/2025,Robson,Matriz,Hidráulica,Concluído,Robson,03/04/2025
780,Fazer instalação de 8 computadores em mesa centralizada na sala do PPCP,04/04/2025,Renato Silva,PPCP,,Pendente,nan,nan
781,"- Showroom Filial, furação na parede para passar cabo de internet para a sala",04/04/2025,Junior,Showroom Filial ,Civil,Concluído,Guilherme,07/04/2025
782,Fazer uma cotação para o colocar um toldo em uma parte da doca da Expedição,04/04/2025,Weder Santos,Expedição,,Pendente,nan,nan
783,Máquina de fusionagem está oxidando a temperatura ,04/04/2025,Fran.Duarte ,Cd - Filial,Elétrica,Em execução,Guilherme,nan
784,Ferro Nana passadoria está com manqueira quebrando,04/04/2025,Fran.Duarte ,Acabamento- Filial,Mecânica,Concluído,Guilherme,07/04/2025
785,"Cortar canos de PVC ao meio, para que fiquem menor e sejam utilizados na ginástica laboral. Os canos estão na sala vazia de vidro, da expedição. Em um saco escrito TATI RH. Podem ser cortados apenas de um saco.",07/04/2025,Tatiana RH,Matriz,Instalação,Concluído,Robson,07/04/2025
786,Quebrou o eixo cardan da máquina de viés,07/04/2025,Isis,Corte,Mecânica,Concluído,Robson,07/04/2025
787,As telhas da lateral do tanque de lavagem cairam com o vento,07/04/2025,Mayco,Estamparia,,Pendente,nan,nan
788,"Bom dia
Tem como buscar uma estante de ferro na filial falar com janaina.",07/04/2025,Francielle ,Laboratorio de qualidade,,Pendente,nan,nan
